ID,codigo,cliente,contrato,contacto,producto,canal,categoria,asunto,descripcion,prioridad,impacto,urgencia,nivelEscalamiento,estado,agente,primeraRespuesta,vencimientoRespuesta,vencimientoResolucion,estadoSLA,slaIncumplido,resolucionPrimerContacto,csat,externalID,proveedorExterno,estadoIntegracion,motivoEscalamiento,problemaConocido,fechaResolucion,resolucion,causaRaiz,categoriaResolucion,casoPadre
caso-001,SUP-CASO-001,cliente-soporte-001,contrato-001,Contacto sintético 1,Mesa de ayuda,Teléfono,Configuración,Caso de demostración #1,Descripción sintética de una solicitud de soporte.,Media,Moderado,Normal,Nivel 2,Asignado,agente-demo,2026-07-31T13:00:00Z,2026-07-31T19:00:00Z,2026-08-01T11:00:00Z,En tiempo,false,true,2,HELPDESK-001,Canal demo,Local,,,,,,,
caso-002,SUP-CASO-002,cliente-soporte-002,contrato-002,Contacto sintético 2,Analítica,Chat,Error,Caso de demostración #2,Descripción sintética de una solicitud de soporte.,Alta,Alto,Alta,Nivel 3,En progreso,agente-demo,2026-07-31T13:00:00Z,2026-07-31T18:00:00Z,2026-08-01T10:00:00Z,En riesgo,false,true,3,HELPDESK-002,Canal demo,Local,Requiere conocimiento especializado o intervención del proveedor.,,,,,,
caso-003,SUP-CASO-003,cliente-soporte-003,contrato-003,Contacto sintético 3,Automatización,WhatsApp,Consulta,Caso de demostración #3,Descripción sintética de una solicitud de soporte.,Crítica,Generalizado,Inmediata,Proveedor,Esperando cliente,agente-demo,2026-07-31T13:00:00Z,2026-07-31T17:00:00Z,2026-08-01T09:00:00Z,Incumplido,true,false,4,HELPDESK-003,Canal demo,Local,Requiere conocimiento especializado o intervención del proveedor.,problema-conocido-003,,,,,
caso-004,SUP-CASO-004,cliente-soporte-004,contrato-004,Contacto sintético 4,Plataforma CRM,Portal,Integración,Caso de demostración #4,Descripción sintética de una solicitud de soporte.,Baja,Bajo,Baja,Nivel 1,Resuelto,agente-demo,2026-07-31T09:00:00Z,2026-07-31T16:00:00Z,2026-08-01T08:00:00Z,En tiempo,false,true,5,HELPDESK-004,Canal demo,Local,,,2026-07-31T08:00:00Z,Resolución sintética documentada.,Configuración inconsistente identificada durante el diagnóstico.,No reproducible,
caso-005,SUP-CASO-005,cliente-soporte-005,contrato-005,Contacto sintético 5,Mesa de ayuda,Correo,Acceso,Caso de demostración #5,Descripción sintética de una solicitud de soporte.,Media,Moderado,Normal,Nivel 2,Cerrado,agente-demo,2026-07-31T09:00:00Z,2026-07-31T15:00:00Z,2026-08-01T07:00:00Z,En tiempo,false,true,1,HELPDESK-005,Canal demo,Local,,,2026-07-31T07:00:00Z,Resolución sintética documentada.,Configuración inconsistente identificada durante el diagnóstico.,Duplicado,
caso-006,SUP-CASO-006,cliente-soporte-006,contrato-006,Contacto sintético 6,Analítica,Teléfono,Configuración,Caso de demostración #6,Descripción sintética de una solicitud de soporte.,Alta,Alto,Alta,Nivel 3,Nuevo,agente-demo,2026-07-31T09:00:00Z,2026-07-31T14:00:00Z,2026-08-01T06:00:00Z,En riesgo,false,false,2,HELPDESK-006,Canal demo,Local,Requiere conocimiento especializado o intervención del proveedor.,problema-conocido-006,,,,,
caso-007,SUP-CASO-007,cliente-soporte-007,contrato-007,Contacto sintético 7,Automatización,Chat,Error,Caso de demostración #7,Descripción sintética de una solicitud de soporte.,Crítica,Generalizado,Inmediata,Proveedor,Asignado,agente-demo,2026-07-31T09:00:00Z,2026-07-31T13:00:00Z,2026-08-01T05:00:00Z,Incumplido,true,true,3,HELPDESK-007,Canal demo,Local,Requiere conocimiento especializado o intervención del proveedor.,,,,,,
caso-008,SUP-CASO-008,cliente-soporte-008,contrato-008,Contacto sintético 8,Plataforma CRM,WhatsApp,Consulta,Caso de demostración #8,Descripción sintética de una solicitud de soporte.,Baja,Bajo,Baja,Nivel 1,En progreso,agente-demo,2026-07-31T05:00:00Z,2026-07-31T12:00:00Z,2026-08-01T04:00:00Z,En tiempo,false,true,4,HELPDESK-008,Canal demo,Local,,,,,,,
caso-009,SUP-CASO-009,cliente-soporte-009,contrato-009,Contacto sintético 9,Mesa de ayuda,Portal,Integración,Caso de demostración #9,Descripción sintética de una solicitud de soporte.,Media,Moderado,Normal,Nivel 2,Esperando cliente,agente-demo,2026-07-31T05:00:00Z,2026-07-31T11:00:00Z,2026-08-01T03:00:00Z,En tiempo,false,false,5,HELPDESK-009,Canal demo,Local,,problema-conocido-009,,,,,
caso-010,SUP-CASO-010,cliente-soporte-010,contrato-010,Contacto sintético 10,Analítica,Correo,Acceso,Caso de demostración #10,Descripción sintética de una solicitud de soporte.,Alta,Alto,Alta,Nivel 3,Resuelto,agente-demo,2026-07-31T05:00:00Z,2026-07-31T10:00:00Z,2026-08-01T02:00:00Z,En riesgo,false,true,1,HELPDESK-010,Canal demo,Local,Requiere conocimiento especializado o intervención del proveedor.,,2026-07-31T02:00:00Z,Resolución sintética documentada.,Configuración inconsistente identificada durante el diagnóstico.,No reproducible,caso-009
caso-011,SUP-CASO-011,cliente-soporte-011,contrato-011,Contacto sintético 11,Automatización,Teléfono,Configuración,Caso de demostración #11,Descripción sintética de una solicitud de soporte.,Crítica,Generalizado,Inmediata,Proveedor,Cerrado,agente-demo,2026-07-31T05:00:00Z,2026-07-31T09:00:00Z,2026-08-01T01:00:00Z,Incumplido,true,true,2,HELPDESK-011,Canal demo,Local,Requiere conocimiento especializado o intervención del proveedor.,,2026-07-31T01:00:00Z,Resolución sintética documentada.,Configuración inconsistente identificada durante el diagnóstico.,Duplicado,
caso-012,SUP-CASO-012,cliente-soporte-012,contrato-012,Contacto sintético 12,Plataforma CRM,Chat,Error,Caso de demostración #12,Descripción sintética de una solicitud de soporte.,Baja,Bajo,Baja,Nivel 1,Nuevo,agente-demo,2026-07-31T01:00:00Z,2026-07-31T08:00:00Z,2026-08-01T00:00:00Z,En tiempo,false,false,3,HELPDESK-012,Canal demo,Local,,problema-conocido-012,,,,,
caso-013,SUP-CASO-013,cliente-soporte-013,contrato-013,Contacto sintético 13,Mesa de ayuda,WhatsApp,Consulta,Caso de demostración #13,Descripción sintética de una solicitud de soporte.,Media,Moderado,Normal,Nivel 2,Asignado,agente-demo,2026-07-31T01:00:00Z,2026-07-31T07:00:00Z,2026-07-31T23:00:00Z,En tiempo,false,true,4,HELPDESK-013,Canal demo,Local,,,,,,,
caso-014,SUP-CASO-014,cliente-soporte-014,contrato-014,Contacto sintético 14,Analítica,Portal,Integración,Caso de demostración #14,Descripción sintética de una solicitud de soporte.,Alta,Alto,Alta,Nivel 3,En progreso,agente-demo,2026-07-31T01:00:00Z,2026-07-31T06:00:00Z,2026-07-31T22:00:00Z,En riesgo,false,true,5,HELPDESK-014,Canal demo,Local,Requiere conocimiento especializado o intervención del proveedor.,,,,,,
caso-015,SUP-CASO-015,cliente-soporte-015,contrato-015,Contacto sintético 15,Automatización,Correo,Acceso,Caso de demostración #15,Descripción sintética de una solicitud de soporte.,Crítica,Generalizado,Inmediata,Proveedor,Esperando cliente,agente-demo,2026-07-31T01:00:00Z,2026-07-31T05:00:00Z,2026-07-31T21:00:00Z,Incumplido,true,false,1,HELPDESK-015,Canal demo,Local,Requiere conocimiento especializado o intervención del proveedor.,problema-conocido-015,,,,,
caso-016,SUP-CASO-016,cliente-soporte-016,contrato-016,Contacto sintético 16,Plataforma CRM,Teléfono,Configuración,Caso de demostración #16,Descripción sintética de una solicitud de soporte.,Baja,Bajo,Baja,Nivel 1,Resuelto,agente-demo,2026-07-30T21:00:00Z,2026-07-31T04:00:00Z,2026-07-31T20:00:00Z,En tiempo,false,true,2,HELPDESK-016,Canal demo,Local,,,2026-07-30T20:00:00Z,Resolución sintética documentada.,Configuración inconsistente identificada durante el diagnóstico.,No reproducible,
caso-017,SUP-CASO-017,cliente-soporte-017,contrato-017,Contacto sintético 17,Mesa de ayuda,Chat,Error,Caso de demostración #17,Descripción sintética de una solicitud de soporte.,Media,Moderado,Normal,Nivel 2,Cerrado,agente-demo,2026-07-30T21:00:00Z,2026-07-31T03:00:00Z,2026-07-31T19:00:00Z,En tiempo,false,true,3,HELPDESK-017,Canal demo,Local,,,2026-07-30T19:00:00Z,Resolución sintética documentada.,Configuración inconsistente identificada durante el diagnóstico.,Duplicado,
caso-018,SUP-CASO-018,cliente-soporte-018,contrato-018,Contacto sintético 18,Analítica,WhatsApp,Consulta,Caso de demostración #18,Descripción sintética de una solicitud de soporte.,Alta,Alto,Alta,Nivel 3,Nuevo,agente-demo,2026-07-30T21:00:00Z,2026-07-31T02:00:00Z,2026-07-31T18:00:00Z,En riesgo,false,false,4,HELPDESK-018,Canal demo,Local,Requiere conocimiento especializado o intervención del proveedor.,problema-conocido-018,,,,,
caso-019,SUP-CASO-019,cliente-soporte-019,contrato-019,Contacto sintético 19,Automatización,Portal,Integración,Caso de demostración #19,Descripción sintética de una solicitud de soporte.,Crítica,Generalizado,Inmediata,Proveedor,Asignado,agente-demo,2026-07-30T21:00:00Z,2026-07-31T01:00:00Z,2026-07-31T17:00:00Z,Incumplido,true,true,5,HELPDESK-019,Canal demo,Local,Requiere conocimiento especializado o intervención del proveedor.,,,,,,
caso-020,SUP-CASO-020,cliente-soporte-020,contrato-020,Contacto sintético 20,Plataforma CRM,Correo,Acceso,Caso de demostración #20,Descripción sintética de una solicitud de soporte.,Baja,Bajo,Baja,Nivel 1,En progreso,agente-demo,2026-07-30T17:00:00Z,2026-07-31T00:00:00Z,2026-07-31T16:00:00Z,En tiempo,false,true,1,HELPDESK-020,Canal demo,Local,,,,,,,caso-019
caso-021,SUP-CASO-021,cliente-soporte-021,contrato-021,Contacto sintético 21,Mesa de ayuda,Teléfono,Configuración,Caso de demostración #21,Descripción sintética de una solicitud de soporte.,Media,Moderado,Normal,Nivel 2,Esperando cliente,agente-demo,2026-07-30T17:00:00Z,2026-07-30T23:00:00Z,2026-07-31T15:00:00Z,En tiempo,false,false,2,HELPDESK-021,Canal demo,Local,,problema-conocido-001,,,,,
caso-022,SUP-CASO-022,cliente-soporte-022,contrato-022,Contacto sintético 22,Analítica,Chat,Error,Caso de demostración #22,Descripción sintética de una solicitud de soporte.,Alta,Alto,Alta,Nivel 3,Resuelto,agente-demo,2026-07-30T17:00:00Z,2026-07-30T22:00:00Z,2026-07-31T14:00:00Z,En riesgo,false,true,3,HELPDESK-022,Canal demo,Local,Requiere conocimiento especializado o intervención del proveedor.,,2026-07-30T14:00:00Z,Resolución sintética documentada.,Configuración inconsistente identificada durante el diagnóstico.,No reproducible,
caso-023,SUP-CASO-023,cliente-soporte-023,contrato-023,Contacto sintético 23,Automatización,WhatsApp,Consulta,Caso de demostración #23,Descripción sintética de una solicitud de soporte.,Crítica,Generalizado,Inmediata,Proveedor,Cerrado,agente-demo,2026-07-30T17:00:00Z,2026-07-30T21:00:00Z,2026-07-31T13:00:00Z,Incumplido,true,true,4,HELPDESK-023,Canal demo,Local,Requiere conocimiento especializado o intervención del proveedor.,,2026-07-30T13:00:00Z,Resolución sintética documentada.,Configuración inconsistente identificada durante el diagnóstico.,Duplicado,
caso-024,SUP-CASO-024,cliente-soporte-024,contrato-024,Contacto sintético 24,Plataforma CRM,Portal,Integración,Caso de demostración #24,Descripción sintética de una solicitud de soporte.,Baja,Bajo,Baja,Nivel 1,Nuevo,agente-demo,2026-07-30T13:00:00Z,2026-07-30T20:00:00Z,2026-07-31T12:00:00Z,En tiempo,false,false,5,HELPDESK-024,Canal demo,Local,,problema-conocido-004,,,,,
caso-025,SUP-CASO-025,cliente-soporte-025,contrato-025,Contacto sintético 25,Mesa de ayuda,Correo,Acceso,Caso de demostración #25,Descripción sintética de una solicitud de soporte.,Media,Moderado,Normal,Nivel 2,Asignado,agente-demo,2026-07-30T13:00:00Z,2026-07-30T19:00:00Z,2026-07-31T11:00:00Z,En tiempo,false,true,1,HELPDESK-025,Canal demo,Local,,,,,,,
caso-026,SUP-CASO-026,cliente-soporte-026,contrato-026,Contacto sintético 26,Analítica,Teléfono,Configuración,Caso de demostración #26,Descripción sintética de una solicitud de soporte.,Alta,Alto,Alta,Nivel 3,En progreso,agente-demo,2026-07-30T13:00:00Z,2026-07-30T18:00:00Z,2026-07-31T10:00:00Z,En riesgo,false,true,2,HELPDESK-026,Canal demo,Local,Requiere conocimiento especializado o intervención del proveedor.,,,,,,
caso-027,SUP-CASO-027,cliente-soporte-027,contrato-027,Contacto sintético 27,Automatización,Chat,Error,Caso de demostración #27,Descripción sintética de una solicitud de soporte.,Crítica,Generalizado,Inmediata,Proveedor,Esperando cliente,agente-demo,2026-07-30T13:00:00Z,2026-07-30T17:00:00Z,2026-07-31T09:00:00Z,Incumplido,true,false,3,HELPDESK-027,Canal demo,Local,Requiere conocimiento especializado o intervención del proveedor.,problema-conocido-007,,,,,
caso-028,SUP-CASO-028,cliente-soporte-028,contrato-028,Contacto sintético 28,Plataforma CRM,WhatsApp,Consulta,Caso de demostración #28,Descripción sintética de una solicitud de soporte.,Baja,Bajo,Baja,Nivel 1,Resuelto,agente-demo,2026-07-30T09:00:00Z,2026-07-30T16:00:00Z,2026-07-31T08:00:00Z,En tiempo,false,true,4,HELPDESK-028,Canal demo,Local,,,2026-07-30T08:00:00Z,Resolución sintética documentada.,Configuración inconsistente identificada durante el diagnóstico.,No reproducible,
caso-029,SUP-CASO-029,cliente-soporte-029,contrato-029,Contacto sintético 29,Mesa de ayuda,Portal,Integración,Caso de demostración #29,Descripción sintética de una solicitud de soporte.,Media,Moderado,Normal,Nivel 2,Cerrado,agente-demo,2026-07-30T09:00:00Z,2026-07-30T15:00:00Z,2026-07-31T07:00:00Z,En tiempo,false,true,5,HELPDESK-029,Canal demo,Local,,,2026-07-30T07:00:00Z,Resolución sintética documentada.,Configuración inconsistente identificada durante el diagnóstico.,Duplicado,
caso-030,SUP-CASO-030,cliente-soporte-030,contrato-030,Contacto sintético 30,Analítica,Correo,Acceso,Caso de demostración #30,Descripción sintética de una solicitud de soporte.,Alta,Alto,Alta,Nivel 3,Nuevo,agente-demo,2026-07-30T09:00:00Z,2026-07-30T14:00:00Z,2026-07-31T06:00:00Z,En riesgo,false,false,1,HELPDESK-030,Canal demo,Local,Requiere conocimiento especializado o intervención del proveedor.,problema-conocido-010,,,,,caso-029
caso-031,SUP-CASO-031,cliente-soporte-031,contrato-031,Contacto sintético 31,Automatización,Teléfono,Configuración,Caso de demostración #31,Descripción sintética de una solicitud de soporte.,Crítica,Generalizado,Inmediata,Proveedor,Asignado,agente-demo,2026-07-30T09:00:00Z,2026-07-30T13:00:00Z,2026-07-31T05:00:00Z,Incumplido,true,true,2,HELPDESK-031,Canal demo,Local,Requiere conocimiento especializado o intervención del proveedor.,,,,,,
caso-032,SUP-CASO-032,cliente-soporte-032,contrato-032,Contacto sintético 32,Plataforma CRM,Chat,Error,Caso de demostración #32,Descripción sintética de una solicitud de soporte.,Baja,Bajo,Baja,Nivel 1,En progreso,agente-demo,2026-07-30T05:00:00Z,2026-07-30T12:00:00Z,2026-07-31T04:00:00Z,En tiempo,false,true,3,HELPDESK-032,Canal demo,Local,,,,,,,
caso-033,SUP-CASO-033,cliente-soporte-033,contrato-033,Contacto sintético 33,Mesa de ayuda,WhatsApp,Consulta,Caso de demostración #33,Descripción sintética de una solicitud de soporte.,Media,Moderado,Normal,Nivel 2,Esperando cliente,agente-demo,2026-07-30T05:00:00Z,2026-07-30T11:00:00Z,2026-07-31T03:00:00Z,En tiempo,false,false,4,HELPDESK-033,Canal demo,Local,,problema-conocido-013,,,,,
caso-034,SUP-CASO-034,cliente-soporte-034,contrato-034,Contacto sintético 34,Analítica,Portal,Integración,Caso de demostración #34,Descripción sintética de una solicitud de soporte.,Alta,Alto,Alta,Nivel 3,Resuelto,agente-demo,2026-07-30T05:00:00Z,2026-07-30T10:00:00Z,2026-07-31T02:00:00Z,En riesgo,false,true,5,HELPDESK-034,Canal demo,Local,Requiere conocimiento especializado o intervención del proveedor.,,2026-07-31T08:00:00Z,Resolución sintética documentada.,Configuración inconsistente identificada durante el diagnóstico.,No reproducible,
caso-035,SUP-CASO-035,cliente-soporte-035,contrato-035,Contacto sintético 35,Automatización,Correo,Acceso,Caso de demostración #35,Descripción sintética de una solicitud de soporte.,Crítica,Generalizado,Inmediata,Proveedor,Cerrado,agente-demo,2026-07-30T05:00:00Z,2026-07-30T09:00:00Z,2026-07-31T01:00:00Z,Incumplido,true,true,1,HELPDESK-035,Canal demo,Local,Requiere conocimiento especializado o intervención del proveedor.,,2026-07-31T07:00:00Z,Resolución sintética documentada.,Configuración inconsistente identificada durante el diagnóstico.,Duplicado,
caso-036,SUP-CASO-036,cliente-soporte-036,contrato-036,Contacto sintético 36,Plataforma CRM,Teléfono,Configuración,Caso de demostración #36,Descripción sintética de una solicitud de soporte.,Baja,Bajo,Baja,Nivel 1,Nuevo,agente-demo,2026-07-30T01:00:00Z,2026-07-30T08:00:00Z,2026-07-31T00:00:00Z,En tiempo,false,false,2,HELPDESK-036,Canal demo,Local,,problema-conocido-016,,,,,
caso-037,SUP-CASO-037,cliente-soporte-037,contrato-037,Contacto sintético 37,Mesa de ayuda,Chat,Error,Caso de demostración #37,Descripción sintética de una solicitud de soporte.,Media,Moderado,Normal,Nivel 2,Asignado,agente-demo,2026-07-30T01:00:00Z,2026-07-30T07:00:00Z,2026-07-30T23:00:00Z,En tiempo,false,true,3,HELPDESK-037,Canal demo,Local,,,,,,,
caso-038,SUP-CASO-038,cliente-soporte-038,contrato-038,Contacto sintético 38,Analítica,WhatsApp,Consulta,Caso de demostración #38,Descripción sintética de una solicitud de soporte.,Alta,Alto,Alta,Nivel 3,En progreso,agente-demo,2026-07-30T01:00:00Z,2026-07-30T06:00:00Z,2026-07-30T22:00:00Z,En riesgo,false,true,4,HELPDESK-038,Canal demo,Local,Requiere conocimiento especializado o intervención del proveedor.,,,,,,
caso-039,SUP-CASO-039,cliente-soporte-039,contrato-039,Contacto sintético 39,Automatización,Portal,Integración,Caso de demostración #39,Descripción sintética de una solicitud de soporte.,Crítica,Generalizado,Inmediata,Proveedor,Esperando cliente,agente-demo,2026-07-30T01:00:00Z,2026-07-30T05:00:00Z,2026-07-30T21:00:00Z,Incumplido,true,false,5,HELPDESK-039,Canal demo,Local,Requiere conocimiento especializado o intervención del proveedor.,problema-conocido-019,,,,,
caso-040,SUP-CASO-040,cliente-soporte-040,contrato-040,Contacto sintético 40,Plataforma CRM,Correo,Acceso,Caso de demostración #40,Descripción sintética de una solicitud de soporte.,Baja,Bajo,Baja,Nivel 1,Resuelto,agente-demo,2026-07-29T21:00:00Z,2026-07-30T04:00:00Z,2026-07-30T20:00:00Z,En tiempo,false,true,1,HELPDESK-040,Canal demo,Local,,,2026-07-31T02:00:00Z,Resolución sintética documentada.,Configuración inconsistente identificada durante el diagnóstico.,No reproducible,caso-039
caso-041,SUP-CASO-041,cliente-soporte-041,contrato-041,Contacto sintético 41,Mesa de ayuda,Teléfono,Configuración,Caso de demostración #41,Descripción sintética de una solicitud de soporte.,Media,Moderado,Normal,Nivel 2,Cerrado,agente-demo,2026-07-29T21:00:00Z,2026-07-30T03:00:00Z,2026-07-30T19:00:00Z,En tiempo,false,true,2,HELPDESK-041,Canal demo,Local,,,2026-07-31T01:00:00Z,Resolución sintética documentada.,Configuración inconsistente identificada durante el diagnóstico.,Duplicado,
caso-042,SUP-CASO-042,cliente-soporte-042,contrato-042,Contacto sintético 42,Analítica,Chat,Error,Caso de demostración #42,Descripción sintética de una solicitud de soporte.,Alta,Alto,Alta,Nivel 3,Nuevo,agente-demo,2026-07-29T21:00:00Z,2026-07-30T02:00:00Z,2026-07-30T18:00:00Z,En riesgo,false,false,3,HELPDESK-042,Canal demo,Local,Requiere conocimiento especializado o intervención del proveedor.,problema-conocido-002,,,,,
caso-043,SUP-CASO-043,cliente-soporte-043,contrato-043,Contacto sintético 43,Automatización,WhatsApp,Consulta,Caso de demostración #43,Descripción sintética de una solicitud de soporte.,Crítica,Generalizado,Inmediata,Proveedor,Asignado,agente-demo,2026-07-29T21:00:00Z,2026-07-30T01:00:00Z,2026-07-30T17:00:00Z,Incumplido,true,true,4,HELPDESK-043,Canal demo,Local,Requiere conocimiento especializado o intervención del proveedor.,,,,,,
caso-044,SUP-CASO-044,cliente-soporte-044,contrato-044,Contacto sintético 44,Plataforma CRM,Portal,Integración,Caso de demostración #44,Descripción sintética de una solicitud de soporte.,Baja,Bajo,Baja,Nivel 1,En progreso,agente-demo,2026-07-29T17:00:00Z,2026-07-30T00:00:00Z,2026-07-30T16:00:00Z,En tiempo,false,true,5,HELPDESK-044,Canal demo,Local,,,,,,,
caso-045,SUP-CASO-045,cliente-soporte-045,contrato-045,Contacto sintético 45,Mesa de ayuda,Correo,Acceso,Caso de demostración #45,Descripción sintética de una solicitud de soporte.,Media,Moderado,Normal,Nivel 2,Esperando cliente,agente-demo,2026-07-29T17:00:00Z,2026-07-29T23:00:00Z,2026-07-30T15:00:00Z,En tiempo,false,false,1,HELPDESK-045,Canal demo,Local,,problema-conocido-005,,,,,
caso-046,SUP-CASO-046,cliente-soporte-046,contrato-046,Contacto sintético 46,Analítica,Teléfono,Configuración,Caso de demostración #46,Descripción sintética de una solicitud de soporte.,Alta,Alto,Alta,Nivel 3,Resuelto,agente-demo,2026-07-29T17:00:00Z,2026-07-29T22:00:00Z,2026-07-30T14:00:00Z,En riesgo,false,true,2,HELPDESK-046,Canal demo,Local,Requiere conocimiento especializado o intervención del proveedor.,,2026-07-30T20:00:00Z,Resolución sintética documentada.,Configuración inconsistente identificada durante el diagnóstico.,No reproducible,
caso-047,SUP-CASO-047,cliente-soporte-047,contrato-047,Contacto sintético 47,Automatización,Chat,Error,Caso de demostración #47,Descripción sintética de una solicitud de soporte.,Crítica,Generalizado,Inmediata,Proveedor,Cerrado,agente-demo,2026-07-29T17:00:00Z,2026-07-29T21:00:00Z,2026-07-30T13:00:00Z,Incumplido,true,true,3,HELPDESK-047,Canal demo,Local,Requiere conocimiento especializado o intervención del proveedor.,,2026-07-30T19:00:00Z,Resolución sintética documentada.,Configuración inconsistente identificada durante el diagnóstico.,Duplicado,
caso-048,SUP-CASO-048,cliente-soporte-048,contrato-048,Contacto sintético 48,Plataforma CRM,WhatsApp,Consulta,Caso de demostración #48,Descripción sintética de una solicitud de soporte.,Baja,Bajo,Baja,Nivel 1,Nuevo,agente-demo,2026-07-29T13:00:00Z,2026-07-29T20:00:00Z,2026-07-30T12:00:00Z,En tiempo,false,false,4,HELPDESK-048,Canal demo,Local,,problema-conocido-008,,,,,
caso-049,SUP-CASO-049,cliente-soporte-049,contrato-049,Contacto sintético 49,Mesa de ayuda,Portal,Integración,Caso de demostración #49,Descripción sintética de una solicitud de soporte.,Media,Moderado,Normal,Nivel 2,Asignado,agente-demo,2026-07-29T13:00:00Z,2026-07-29T19:00:00Z,2026-07-30T11:00:00Z,En tiempo,false,true,5,HELPDESK-049,Canal demo,Local,,,,,,,
caso-050,SUP-CASO-050,cliente-soporte-050,contrato-050,Contacto sintético 50,Analítica,Correo,Acceso,Caso de demostración #50,Descripción sintética de una solicitud de soporte.,Alta,Alto,Alta,Nivel 3,En progreso,agente-demo,2026-07-29T13:00:00Z,2026-07-29T18:00:00Z,2026-07-30T10:00:00Z,En riesgo,false,true,1,HELPDESK-050,Canal demo,Local,Requiere conocimiento especializado o intervención del proveedor.,,,,,,caso-049
caso-051,SUP-CASO-051,cliente-soporte-051,contrato-051,Contacto sintético 51,Automatización,Teléfono,Configuración,Caso de demostración #51,Descripción sintética de una solicitud de soporte.,Crítica,Generalizado,Inmediata,Proveedor,Esperando cliente,agente-demo,2026-07-29T13:00:00Z,2026-07-29T17:00:00Z,2026-07-30T09:00:00Z,Incumplido,true,false,2,HELPDESK-051,Canal demo,Local,Requiere conocimiento especializado o intervención del proveedor.,problema-conocido-011,,,,,
caso-052,SUP-CASO-052,cliente-soporte-052,contrato-052,Contacto sintético 52,Plataforma CRM,Chat,Error,Caso de demostración #52,Descripción sintética de una solicitud de soporte.,Baja,Bajo,Baja,Nivel 1,Resuelto,agente-demo,2026-07-29T09:00:00Z,2026-07-29T16:00:00Z,2026-07-30T08:00:00Z,En tiempo,false,true,3,HELPDESK-052,Canal demo,Local,,,2026-07-30T14:00:00Z,Resolución sintética documentada.,Configuración inconsistente identificada durante el diagnóstico.,No reproducible,
caso-053,SUP-CASO-053,cliente-soporte-053,contrato-053,Contacto sintético 53,Mesa de ayuda,WhatsApp,Consulta,Caso de demostración #53,Descripción sintética de una solicitud de soporte.,Media,Moderado,Normal,Nivel 2,Cerrado,agente-demo,2026-07-29T09:00:00Z,2026-07-29T15:00:00Z,2026-07-30T07:00:00Z,En tiempo,false,true,4,HELPDESK-053,Canal demo,Local,,,2026-07-30T13:00:00Z,Resolución sintética documentada.,Configuración inconsistente identificada durante el diagnóstico.,Duplicado,
caso-054,SUP-CASO-054,cliente-soporte-054,contrato-054,Contacto sintético 54,Analítica,Portal,Integración,Caso de demostración #54,Descripción sintética de una solicitud de soporte.,Alta,Alto,Alta,Nivel 3,Nuevo,agente-demo,2026-07-29T09:00:00Z,2026-07-29T14:00:00Z,2026-07-30T06:00:00Z,En riesgo,false,false,5,HELPDESK-054,Canal demo,Local,Requiere conocimiento especializado o intervención del proveedor.,problema-conocido-014,,,,,
caso-055,SUP-CASO-055,cliente-soporte-055,contrato-055,Contacto sintético 55,Automatización,Correo,Acceso,Caso de demostración #55,Descripción sintética de una solicitud de soporte.,Crítica,Generalizado,Inmediata,Proveedor,Asignado,agente-demo,2026-07-29T09:00:00Z,2026-07-29T13:00:00Z,2026-07-30T05:00:00Z,Incumplido,true,true,1,HELPDESK-055,Canal demo,Local,Requiere conocimiento especializado o intervención del proveedor.,,,,,,
caso-056,SUP-CASO-056,cliente-soporte-056,contrato-056,Contacto sintético 56,Plataforma CRM,Teléfono,Configuración,Caso de demostración #56,Descripción sintética de una solicitud de soporte.,Baja,Bajo,Baja,Nivel 1,En progreso,agente-demo,2026-07-29T05:00:00Z,2026-07-29T12:00:00Z,2026-07-30T04:00:00Z,En tiempo,false,true,2,HELPDESK-056,Canal demo,Local,,,,,,,
caso-057,SUP-CASO-057,cliente-soporte-057,contrato-057,Contacto sintético 57,Mesa de ayuda,Chat,Error,Caso de demostración #57,Descripción sintética de una solicitud de soporte.,Media,Moderado,Normal,Nivel 2,Esperando cliente,agente-demo,2026-07-29T05:00:00Z,2026-07-29T11:00:00Z,2026-07-30T03:00:00Z,En tiempo,false,false,3,HELPDESK-057,Canal demo,Local,,problema-conocido-017,,,,,
caso-058,SUP-CASO-058,cliente-soporte-058,contrato-058,Contacto sintético 58,Analítica,WhatsApp,Consulta,Caso de demostración #58,Descripción sintética de una solicitud de soporte.,Alta,Alto,Alta,Nivel 3,Resuelto,agente-demo,2026-07-29T05:00:00Z,2026-07-29T10:00:00Z,2026-07-30T02:00:00Z,En riesgo,false,true,4,HELPDESK-058,Canal demo,Local,Requiere conocimiento especializado o intervención del proveedor.,,2026-07-30T08:00:00Z,Resolución sintética documentada.,Configuración inconsistente identificada durante el diagnóstico.,No reproducible,
caso-059,SUP-CASO-059,cliente-soporte-059,contrato-059,Contacto sintético 59,Automatización,Portal,Integración,Caso de demostración #59,Descripción sintética de una solicitud de soporte.,Crítica,Generalizado,Inmediata,Proveedor,Cerrado,agente-demo,2026-07-29T05:00:00Z,2026-07-29T09:00:00Z,2026-07-30T01:00:00Z,Incumplido,true,true,5,HELPDESK-059,Canal demo,Local,Requiere conocimiento especializado o intervención del proveedor.,,2026-07-30T07:00:00Z,Resolución sintética documentada.,Configuración inconsistente identificada durante el diagnóstico.,Duplicado,
caso-060,SUP-CASO-060,cliente-soporte-060,contrato-060,Contacto sintético 60,Plataforma CRM,Correo,Acceso,Caso de demostración #60,Descripción sintética de una solicitud de soporte.,Baja,Bajo,Baja,Nivel 1,Nuevo,agente-demo,2026-07-29T01:00:00Z,2026-07-29T08:00:00Z,2026-07-30T00:00:00Z,En tiempo,false,false,1,HELPDESK-060,Canal demo,Local,,problema-conocido-020,,,,,caso-059
caso-061,SUP-CASO-061,cliente-soporte-061,contrato-061,Contacto sintético 61,Mesa de ayuda,Teléfono,Configuración,Caso de demostración #61,Descripción sintética de una solicitud de soporte.,Media,Moderado,Normal,Nivel 2,Asignado,agente-demo,2026-07-29T01:00:00Z,2026-07-29T07:00:00Z,2026-07-29T23:00:00Z,En tiempo,false,true,2,HELPDESK-061,Canal demo,Local,,,,,,,
caso-062,SUP-CASO-062,cliente-soporte-062,contrato-062,Contacto sintético 62,Analítica,Chat,Error,Caso de demostración #62,Descripción sintética de una solicitud de soporte.,Alta,Alto,Alta,Nivel 3,En progreso,agente-demo,2026-07-29T01:00:00Z,2026-07-29T06:00:00Z,2026-07-29T22:00:00Z,En riesgo,false,true,3,HELPDESK-062,Canal demo,Local,Requiere conocimiento especializado o intervención del proveedor.,,,,,,
caso-063,SUP-CASO-063,cliente-soporte-063,contrato-063,Contacto sintético 63,Automatización,WhatsApp,Consulta,Caso de demostración #63,Descripción sintética de una solicitud de soporte.,Crítica,Generalizado,Inmediata,Proveedor,Esperando cliente,agente-demo,2026-07-29T01:00:00Z,2026-07-29T05:00:00Z,2026-07-29T21:00:00Z,Incumplido,true,false,4,HELPDESK-063,Canal demo,Local,Requiere conocimiento especializado o intervención del proveedor.,problema-conocido-003,,,,,
caso-064,SUP-CASO-064,cliente-soporte-064,contrato-064,Contacto sintético 64,Plataforma CRM,Portal,Integración,Caso de demostración #64,Descripción sintética de una solicitud de soporte.,Baja,Bajo,Baja,Nivel 1,Resuelto,agente-demo,2026-07-28T21:00:00Z,2026-07-29T04:00:00Z,2026-07-29T20:00:00Z,En tiempo,false,true,5,HELPDESK-064,Canal demo,Local,,,2026-07-31T08:00:00Z,Resolución sintética documentada.,Configuración inconsistente identificada durante el diagnóstico.,No reproducible,
caso-065,SUP-CASO-065,cliente-soporte-065,contrato-065,Contacto sintético 65,Mesa de ayuda,Correo,Acceso,Caso de demostración #65,Descripción sintética de una solicitud de soporte.,Media,Moderado,Normal,Nivel 2,Cerrado,agente-demo,2026-07-28T21:00:00Z,2026-07-29T03:00:00Z,2026-07-29T19:00:00Z,En tiempo,false,true,1,HELPDESK-065,Canal demo,Local,,,2026-07-31T07:00:00Z,Resolución sintética documentada.,Configuración inconsistente identificada durante el diagnóstico.,Duplicado,
caso-066,SUP-CASO-066,cliente-soporte-066,contrato-066,Contacto sintético 66,Analítica,Teléfono,Configuración,Caso de demostración #66,Descripción sintética de una solicitud de soporte.,Alta,Alto,Alta,Nivel 3,Nuevo,agente-demo,2026-07-28T21:00:00Z,2026-07-29T02:00:00Z,2026-07-29T18:00:00Z,En riesgo,false,false,2,HELPDESK-066,Canal demo,Local,Requiere conocimiento especializado o intervención del proveedor.,problema-conocido-006,,,,,
caso-067,SUP-CASO-067,cliente-soporte-067,contrato-067,Contacto sintético 67,Automatización,Chat,Error,Caso de demostración #67,Descripción sintética de una solicitud de soporte.,Crítica,Generalizado,Inmediata,Proveedor,Asignado,agente-demo,2026-07-28T21:00:00Z,2026-07-29T01:00:00Z,2026-07-29T17:00:00Z,Incumplido,true,true,3,HELPDESK-067,Canal demo,Local,Requiere conocimiento especializado o intervención del proveedor.,,,,,,
caso-068,SUP-CASO-068,cliente-soporte-068,contrato-068,Contacto sintético 68,Plataforma CRM,WhatsApp,Consulta,Caso de demostración #68,Descripción sintética de una solicitud de soporte.,Baja,Bajo,Baja,Nivel 1,En progreso,agente-demo,2026-07-28T17:00:00Z,2026-07-29T00:00:00Z,2026-07-29T16:00:00Z,En tiempo,false,true,4,HELPDESK-068,Canal demo,Local,,,,,,,
caso-069,SUP-CASO-069,cliente-soporte-069,contrato-069,Contacto sintético 69,Mesa de ayuda,Portal,Integración,Caso de demostración #69,Descripción sintética de una solicitud de soporte.,Media,Moderado,Normal,Nivel 2,Esperando cliente,agente-demo,2026-07-28T17:00:00Z,2026-07-28T23:00:00Z,2026-07-29T15:00:00Z,En tiempo,false,false,5,HELPDESK-069,Canal demo,Local,,problema-conocido-009,,,,,
caso-070,SUP-CASO-070,cliente-soporte-070,contrato-070,Contacto sintético 70,Analítica,Correo,Acceso,Caso de demostración #70,Descripción sintética de una solicitud de soporte.,Alta,Alto,Alta,Nivel 3,Resuelto,agente-demo,2026-07-28T17:00:00Z,2026-07-28T22:00:00Z,2026-07-29T14:00:00Z,En riesgo,false,true,1,HELPDESK-070,Canal demo,Local,Requiere conocimiento especializado o intervención del proveedor.,,2026-07-31T02:00:00Z,Resolución sintética documentada.,Configuración inconsistente identificada durante el diagnóstico.,No reproducible,caso-069
caso-071,SUP-CASO-071,cliente-soporte-071,contrato-071,Contacto sintético 71,Automatización,Teléfono,Configuración,Caso de demostración #71,Descripción sintética de una solicitud de soporte.,Crítica,Generalizado,Inmediata,Proveedor,Cerrado,agente-demo,2026-07-28T17:00:00Z,2026-07-28T21:00:00Z,2026-07-29T13:00:00Z,Incumplido,true,true,2,HELPDESK-071,Canal demo,Local,Requiere conocimiento especializado o intervención del proveedor.,,2026-07-31T01:00:00Z,Resolución sintética documentada.,Configuración inconsistente identificada durante el diagnóstico.,Duplicado,
caso-072,SUP-CASO-072,cliente-soporte-072,contrato-072,Contacto sintético 72,Plataforma CRM,Chat,Error,Caso de demostración #72,Descripción sintética de una solicitud de soporte.,Baja,Bajo,Baja,Nivel 1,Nuevo,agente-demo,2026-07-28T13:00:00Z,2026-07-28T20:00:00Z,2026-07-29T12:00:00Z,En tiempo,false,false,3,HELPDESK-072,Canal demo,Local,,problema-conocido-012,,,,,
caso-073,SUP-CASO-073,cliente-soporte-073,contrato-073,Contacto sintético 73,Mesa de ayuda,WhatsApp,Consulta,Caso de demostración #73,Descripción sintética de una solicitud de soporte.,Media,Moderado,Normal,Nivel 2,Asignado,agente-demo,2026-07-28T13:00:00Z,2026-07-28T19:00:00Z,2026-07-29T11:00:00Z,En tiempo,false,true,4,HELPDESK-073,Canal demo,Local,,,,,,,
caso-074,SUP-CASO-074,cliente-soporte-074,contrato-074,Contacto sintético 74,Analítica,Portal,Integración,Caso de demostración #74,Descripción sintética de una solicitud de soporte.,Alta,Alto,Alta,Nivel 3,En progreso,agente-demo,2026-07-28T13:00:00Z,2026-07-28T18:00:00Z,2026-07-29T10:00:00Z,En riesgo,false,true,5,HELPDESK-074,Canal demo,Local,Requiere conocimiento especializado o intervención del proveedor.,,,,,,
caso-075,SUP-CASO-075,cliente-soporte-075,contrato-075,Contacto sintético 75,Automatización,Correo,Acceso,Caso de demostración #75,Descripción sintética de una solicitud de soporte.,Crítica,Generalizado,Inmediata,Proveedor,Esperando cliente,agente-demo,2026-07-28T13:00:00Z,2026-07-28T17:00:00Z,2026-07-29T09:00:00Z,Incumplido,true,false,1,HELPDESK-075,Canal demo,Local,Requiere conocimiento especializado o intervención del proveedor.,problema-conocido-015,,,,,
caso-076,SUP-CASO-076,cliente-soporte-076,contrato-076,Contacto sintético 76,Plataforma CRM,Teléfono,Configuración,Caso de demostración #76,Descripción sintética de una solicitud de soporte.,Baja,Bajo,Baja,Nivel 1,Resuelto,agente-demo,2026-07-28T09:00:00Z,2026-07-28T16:00:00Z,2026-07-29T08:00:00Z,En tiempo,false,true,2,HELPDESK-076,Canal demo,Local,,,2026-07-30T20:00:00Z,Resolución sintética documentada.,Configuración inconsistente identificada durante el diagnóstico.,No reproducible,
caso-077,SUP-CASO-077,cliente-soporte-077,contrato-077,Contacto sintético 77,Mesa de ayuda,Chat,Error,Caso de demostración #77,Descripción sintética de una solicitud de soporte.,Media,Moderado,Normal,Nivel 2,Cerrado,agente-demo,2026-07-28T09:00:00Z,2026-07-28T15:00:00Z,2026-07-29T07:00:00Z,En tiempo,false,true,3,HELPDESK-077,Canal demo,Local,,,2026-07-30T19:00:00Z,Resolución sintética documentada.,Configuración inconsistente identificada durante el diagnóstico.,Duplicado,
caso-078,SUP-CASO-078,cliente-soporte-078,contrato-078,Contacto sintético 78,Analítica,WhatsApp,Consulta,Caso de demostración #78,Descripción sintética de una solicitud de soporte.,Alta,Alto,Alta,Nivel 3,Nuevo,agente-demo,2026-07-28T09:00:00Z,2026-07-28T14:00:00Z,2026-07-29T06:00:00Z,En riesgo,false,false,4,HELPDESK-078,Canal demo,Local,Requiere conocimiento especializado o intervención del proveedor.,problema-conocido-018,,,,,
caso-079,SUP-CASO-079,cliente-soporte-079,contrato-079,Contacto sintético 79,Automatización,Portal,Integración,Caso de demostración #79,Descripción sintética de una solicitud de soporte.,Crítica,Generalizado,Inmediata,Proveedor,Asignado,agente-demo,2026-07-28T09:00:00Z,2026-07-28T13:00:00Z,2026-07-29T05:00:00Z,Incumplido,true,true,5,HELPDESK-079,Canal demo,Local,Requiere conocimiento especializado o intervención del proveedor.,,,,,,
caso-080,SUP-CASO-080,cliente-soporte-080,contrato-080,Contacto sintético 80,Plataforma CRM,Correo,Acceso,Caso de demostración #80,Descripción sintética de una solicitud de soporte.,Baja,Bajo,Baja,Nivel 1,En progreso,agente-demo,2026-07-28T05:00:00Z,2026-07-28T12:00:00Z,2026-07-29T04:00:00Z,En tiempo,false,true,1,HELPDESK-080,Canal demo,Local,,,,,,,caso-079
caso-081,SUP-CASO-081,cliente-soporte-081,contrato-081,Contacto sintético 81,Mesa de ayuda,Teléfono,Configuración,Caso de demostración #81,Descripción sintética de una solicitud de soporte.,Media,Moderado,Normal,Nivel 2,Esperando cliente,agente-demo,2026-07-28T05:00:00Z,2026-07-28T11:00:00Z,2026-07-29T03:00:00Z,En tiempo,false,false,2,HELPDESK-081,Canal demo,Local,,problema-conocido-001,,,,,
caso-082,SUP-CASO-082,cliente-soporte-082,contrato-082,Contacto sintético 82,Analítica,Chat,Error,Caso de demostración #82,Descripción sintética de una solicitud de soporte.,Alta,Alto,Alta,Nivel 3,Resuelto,agente-demo,2026-07-28T05:00:00Z,2026-07-28T10:00:00Z,2026-07-29T02:00:00Z,En riesgo,false,true,3,HELPDESK-082,Canal demo,Local,Requiere conocimiento especializado o intervención del proveedor.,,2026-07-30T14:00:00Z,Resolución sintética documentada.,Configuración inconsistente identificada durante el diagnóstico.,No reproducible,
caso-083,SUP-CASO-083,cliente-soporte-083,contrato-083,Contacto sintético 83,Automatización,WhatsApp,Consulta,Caso de demostración #83,Descripción sintética de una solicitud de soporte.,Crítica,Generalizado,Inmediata,Proveedor,Cerrado,agente-demo,2026-07-28T05:00:00Z,2026-07-28T09:00:00Z,2026-07-29T01:00:00Z,Incumplido,true,true,4,HELPDESK-083,Canal demo,Local,Requiere conocimiento especializado o intervención del proveedor.,,2026-07-30T13:00:00Z,Resolución sintética documentada.,Configuración inconsistente identificada durante el diagnóstico.,Duplicado,
caso-084,SUP-CASO-084,cliente-soporte-084,contrato-084,Contacto sintético 84,Plataforma CRM,Portal,Integración,Caso de demostración #84,Descripción sintética de una solicitud de soporte.,Baja,Bajo,Baja,Nivel 1,Nuevo,agente-demo,2026-07-28T01:00:00Z,2026-07-28T08:00:00Z,2026-07-29T00:00:00Z,En tiempo,false,false,5,HELPDESK-084,Canal demo,Local,,problema-conocido-004,,,,,
caso-085,SUP-CASO-085,cliente-soporte-085,contrato-085,Contacto sintético 85,Mesa de ayuda,Correo,Acceso,Caso de demostración #85,Descripción sintética de una solicitud de soporte.,Media,Moderado,Normal,Nivel 2,Asignado,agente-demo,2026-07-28T01:00:00Z,2026-07-28T07:00:00Z,2026-07-28T23:00:00Z,En tiempo,false,true,1,HELPDESK-085,Canal demo,Local,,,,,,,
caso-086,SUP-CASO-086,cliente-soporte-086,contrato-086,Contacto sintético 86,Analítica,Teléfono,Configuración,Caso de demostración #86,Descripción sintética de una solicitud de soporte.,Alta,Alto,Alta,Nivel 3,En progreso,agente-demo,2026-07-28T01:00:00Z,2026-07-28T06:00:00Z,2026-07-28T22:00:00Z,En riesgo,false,true,2,HELPDESK-086,Canal demo,Local,Requiere conocimiento especializado o intervención del proveedor.,,,,,,
caso-087,SUP-CASO-087,cliente-soporte-087,contrato-087,Contacto sintético 87,Automatización,Chat,Error,Caso de demostración #87,Descripción sintética de una solicitud de soporte.,Crítica,Generalizado,Inmediata,Proveedor,Esperando cliente,agente-demo,2026-07-28T01:00:00Z,2026-07-28T05:00:00Z,2026-07-28T21:00:00Z,Incumplido,true,false,3,HELPDESK-087,Canal demo,Local,Requiere conocimiento especializado o intervención del proveedor.,problema-conocido-007,,,,,
caso-088,SUP-CASO-088,cliente-soporte-088,contrato-088,Contacto sintético 88,Plataforma CRM,WhatsApp,Consulta,Caso de demostración #88,Descripción sintética de una solicitud de soporte.,Baja,Bajo,Baja,Nivel 1,Resuelto,agente-demo,2026-07-27T21:00:00Z,2026-07-28T04:00:00Z,2026-07-28T20:00:00Z,En tiempo,false,true,4,HELPDESK-088,Canal demo,Local,,,2026-07-30T08:00:00Z,Resolución sintética documentada.,Configuración inconsistente identificada durante el diagnóstico.,No reproducible,
caso-089,SUP-CASO-089,cliente-soporte-089,contrato-089,Contacto sintético 89,Mesa de ayuda,Portal,Integración,Caso de demostración #89,Descripción sintética de una solicitud de soporte.,Media,Moderado,Normal,Nivel 2,Cerrado,agente-demo,2026-07-27T21:00:00Z,2026-07-28T03:00:00Z,2026-07-28T19:00:00Z,En tiempo,false,true,5,HELPDESK-089,Canal demo,Local,,,2026-07-30T07:00:00Z,Resolución sintética documentada.,Configuración inconsistente identificada durante el diagnóstico.,Duplicado,
caso-090,SUP-CASO-090,cliente-soporte-090,contrato-090,Contacto sintético 90,Analítica,Correo,Acceso,Caso de demostración #90,Descripción sintética de una solicitud de soporte.,Alta,Alto,Alta,Nivel 3,Nuevo,agente-demo,2026-07-27T21:00:00Z,2026-07-28T02:00:00Z,2026-07-28T18:00:00Z,En riesgo,false,false,1,HELPDESK-090,Canal demo,Local,Requiere conocimiento especializado o intervención del proveedor.,problema-conocido-010,,,,,caso-089
caso-091,SUP-CASO-091,cliente-soporte-091,contrato-091,Contacto sintético 91,Automatización,Teléfono,Configuración,Caso de demostración #91,Descripción sintética de una solicitud de soporte.,Crítica,Generalizado,Inmediata,Proveedor,Asignado,agente-demo,2026-07-27T21:00:00Z,2026-07-28T01:00:00Z,2026-07-28T17:00:00Z,Incumplido,true,true,2,HELPDESK-091,Canal demo,Local,Requiere conocimiento especializado o intervención del proveedor.,,,,,,
caso-092,SUP-CASO-092,cliente-soporte-092,contrato-092,Contacto sintético 92,Plataforma CRM,Chat,Error,Caso de demostración #92,Descripción sintética de una solicitud de soporte.,Baja,Bajo,Baja,Nivel 1,En progreso,agente-demo,2026-07-27T17:00:00Z,2026-07-28T00:00:00Z,2026-07-28T16:00:00Z,En tiempo,false,true,3,HELPDESK-092,Canal demo,Local,,,,,,,
caso-093,SUP-CASO-093,cliente-soporte-093,contrato-093,Contacto sintético 93,Mesa de ayuda,WhatsApp,Consulta,Caso de demostración #93,Descripción sintética de una solicitud de soporte.,Media,Moderado,Normal,Nivel 2,Esperando cliente,agente-demo,2026-07-27T17:00:00Z,2026-07-27T23:00:00Z,2026-07-28T15:00:00Z,En tiempo,false,false,4,HELPDESK-093,Canal demo,Local,,problema-conocido-013,,,,,
caso-094,SUP-CASO-094,cliente-soporte-094,contrato-094,Contacto sintético 94,Analítica,Portal,Integración,Caso de demostración #94,Descripción sintética de una solicitud de soporte.,Alta,Alto,Alta,Nivel 3,Resuelto,agente-demo,2026-07-27T17:00:00Z,2026-07-27T22:00:00Z,2026-07-28T14:00:00Z,En riesgo,false,true,5,HELPDESK-094,Canal demo,Local,Requiere conocimiento especializado o intervención del proveedor.,,2026-07-31T08:00:00Z,Resolución sintética documentada.,Configuración inconsistente identificada durante el diagnóstico.,No reproducible,
caso-095,SUP-CASO-095,cliente-soporte-095,contrato-095,Contacto sintético 95,Automatización,Correo,Acceso,Caso de demostración #95,Descripción sintética de una solicitud de soporte.,Crítica,Generalizado,Inmediata,Proveedor,Cerrado,agente-demo,2026-07-27T17:00:00Z,2026-07-27T21:00:00Z,2026-07-28T13:00:00Z,Incumplido,true,true,1,HELPDESK-095,Canal demo,Local,Requiere conocimiento especializado o intervención del proveedor.,,2026-07-31T07:00:00Z,Resolución sintética documentada.,Configuración inconsistente identificada durante el diagnóstico.,Duplicado,
caso-096,SUP-CASO-096,cliente-soporte-096,contrato-096,Contacto sintético 96,Plataforma CRM,Teléfono,Configuración,Caso de demostración #96,Descripción sintética de una solicitud de soporte.,Baja,Bajo,Baja,Nivel 1,Nuevo,agente-demo,2026-07-27T13:00:00Z,2026-07-27T20:00:00Z,2026-07-28T12:00:00Z,En tiempo,false,false,2,HELPDESK-096,Canal demo,Local,,problema-conocido-016,,,,,
caso-097,SUP-CASO-097,cliente-soporte-097,contrato-097,Contacto sintético 97,Mesa de ayuda,Chat,Error,Caso de demostración #97,Descripción sintética de una solicitud de soporte.,Media,Moderado,Normal,Nivel 2,Asignado,agente-demo,2026-07-27T13:00:00Z,2026-07-27T19:00:00Z,2026-07-28T11:00:00Z,En tiempo,false,true,3,HELPDESK-097,Canal demo,Local,,,,,,,
caso-098,SUP-CASO-098,cliente-soporte-098,contrato-098,Contacto sintético 98,Analítica,WhatsApp,Consulta,Caso de demostración #98,Descripción sintética de una solicitud de soporte.,Alta,Alto,Alta,Nivel 3,En progreso,agente-demo,2026-07-27T13:00:00Z,2026-07-27T18:00:00Z,2026-07-28T10:00:00Z,En riesgo,false,true,4,HELPDESK-098,Canal demo,Local,Requiere conocimiento especializado o intervención del proveedor.,,,,,,
caso-099,SUP-CASO-099,cliente-soporte-099,contrato-099,Contacto sintético 99,Automatización,Portal,Integración,Caso de demostración #99,Descripción sintética de una solicitud de soporte.,Crítica,Generalizado,Inmediata,Proveedor,Esperando cliente,agente-demo,2026-07-27T13:00:00Z,2026-07-27T17:00:00Z,2026-07-28T09:00:00Z,Incumplido,true,false,5,HELPDESK-099,Canal demo,Local,Requiere conocimiento especializado o intervención del proveedor.,problema-conocido-019,,,,,
caso-100,SUP-CASO-100,cliente-soporte-100,contrato-100,Contacto sintético 100,Plataforma CRM,Correo,Acceso,Caso de demostración #100,Descripción sintética de una solicitud de soporte.,Baja,Bajo,Baja,Nivel 1,Resuelto,agente-demo,2026-07-27T09:00:00Z,2026-07-27T16:00:00Z,2026-07-28T08:00:00Z,En tiempo,false,true,1,HELPDESK-100,Canal demo,Local,,,2026-07-31T02:00:00Z,Resolución sintética documentada.,Configuración inconsistente identificada durante el diagnóstico.,No reproducible,caso-099
