ID,tipo,tipoPersona,nombre,identificacion,contacto,telefono,correo,autorizaTratamientoDatos,fechaAutorizacion,departamento,ciudad,codigoDivipola,direccion,ubicacionServicio,latitud,longitud,segmento,estadoComercial,responsable,proximoContacto,notas,externalID,proveedorExterno
cliente-servicio-001,Cliente,Empresa,Mateo López,900000001,Mateo López,+57 304 640 0001,servicio.demo.001@abera.local,1,2026-07-30T12:00:00Z,Antioquia,Medellín,05001,Calle 2 # 2-20,"{""coordinates"":[6.2118,-75.5709]}",6.2118,-75.5709,Pyme,Diagnóstico,asesor-demo,2026-08-01T12:00:00Z,Cliente sintético de servicios técnicos.,FSM-CLI-001,Formulario demo
cliente-servicio-002,Prospecto,Persona,Empresa Técnica Demo 2 S.A.S.,900000002,Valentina Pérez,+57 304 640 0002,servicio.demo.002@abera.local,1,2026-07-29T12:00:00Z,Valle del Cauca,Cali,76001,Calle 3 # 3-20,"{""coordinates"":[3.3757,-76.5371]}",3.3756999999999997,-76.5371,Corporativo,Cotización,asesora-demo,2026-08-02T12:00:00Z,Cliente sintético de servicios técnicos.,FSM-CLI-002,Formulario demo
cliente-servicio-003,Cliente,Empresa,Santiago Torres,900000003,Santiago Torres,+57 304 640 0003,servicio.demo.003@abera.local,1,2026-07-28T12:00:00Z,Atlántico,Barranquilla,08001,Calle 4 # 4-20,"{""coordinates"":[11.0192,-74.8301]}",11.0192,-74.8301,Hogar,Cliente,asesor-demo,2026-08-03T12:00:00Z,Cliente sintético de servicios técnicos.,FSM-CLI-003,Formulario demo
cliente-servicio-004,Prospecto,Persona,Empresa Técnica Demo 4 S.A.S.,900000004,Mariana García,+57 304 640 0004,servicio.demo.004@abera.local,1,2026-07-27T12:00:00Z,Bolívar,Cartagena,13001,Calle 5 # 5-20,"{""coordinates"":[10.4216,-75.5515]}",10.4216,-75.5515,Pyme,Nuevo,asesora-demo,2026-08-04T12:00:00Z,Cliente sintético de servicios técnicos.,FSM-CLI-004,Formulario demo
cliente-servicio-005,Cliente,Empresa,Sebastián López,900000005,Sebastián López,+57 304 640 0005,servicio.demo.005@abera.local,1,2026-07-26T12:00:00Z,Santander,Bucaramanga,68001,Calle 6 # 6-20,"{""coordinates"":[7.1404,-73.125]}",7.1404,-73.125,Corporativo,Diagnóstico,asesor-demo,2026-08-05T12:00:00Z,Cliente sintético de servicios técnicos.,FSM-CLI-005,Formulario demo
cliente-servicio-006,Prospecto,Persona,Empresa Técnica Demo 6 S.A.S.,900000006,Isabella Pérez,+57 304 640 0006,servicio.demo.006@abera.local,1,2026-07-25T12:00:00Z,Risaralda,Pereira,66001,Calle 7 # 7-20,"{""coordinates"":[4.824,-75.699]}",4.824,-75.699,Hogar,Cotización,asesora-demo,2026-08-06T12:00:00Z,Cliente sintético de servicios técnicos.,FSM-CLI-006,Formulario demo
cliente-servicio-007,Cliente,Empresa,Nicolás Torres,900000007,Nicolás Torres,+57 304 640 0007,servicio.demo.007@abera.local,1,2026-07-24T12:00:00Z,Caldas,Manizales,17001,Calle 8 # 8-20,"{""coordinates"":[5.056,-75.489]}",5.056,-75.489,Pyme,Cliente,asesor-demo,2026-08-07T12:00:00Z,Cliente sintético de servicios técnicos.,FSM-CLI-007,Formulario demo
cliente-servicio-008,Prospecto,Persona,Empresa Técnica Demo 8 S.A.S.,900000008,Gabriela García,+57 304 640 0008,servicio.demo.008@abera.local,1,2026-07-23T12:00:00Z,Tolima,Ibagué,73001,Calle 9 # 9-20,"{""coordinates"":[4.4419,-75.2352]}",4.4419,-75.2352,Corporativo,Nuevo,asesora-demo,2026-08-08T12:00:00Z,Cliente sintético de servicios técnicos.,FSM-CLI-008,Formulario demo
cliente-servicio-009,Cliente,Empresa,Samuel López,900000009,Samuel López,+57 304 640 0009,servicio.demo.009@abera.local,1,2026-07-22T12:00:00Z,Meta,Villavicencio,50001,Calle 10 # 10-20,"{""coordinates"":[4.148,-73.6326]}",4.148000000000001,-73.6326,Hogar,Diagnóstico,asesor-demo,2026-08-09T12:00:00Z,Cliente sintético de servicios técnicos.,FSM-CLI-009,Formulario demo
cliente-servicio-010,Prospecto,Persona,Empresa Técnica Demo 10 S.A.S.,900000010,Laura Pérez,+57 304 640 0010,servicio.demo.010@abera.local,1,2026-07-21T12:00:00Z,Bogotá D.C.,Bogotá,11001,Calle 11 # 11-20,"{""coordinates"":[4.6576,-74.0727]}",4.6576,-74.0727,Pyme,Cotización,asesora-demo,2026-08-10T12:00:00Z,Cliente sintético de servicios técnicos.,FSM-CLI-010,Formulario demo
cliente-servicio-011,Cliente,Empresa,Daniel Torres,900000011,Daniel Torres,+57 304 640 0011,servicio.demo.011@abera.local,1,2026-07-20T12:00:00Z,Antioquia,Medellín,05001,Calle 12 # 12-20,"{""coordinates"":[6.2208,-75.5799]}",6.2208,-75.5799,Corporativo,Cliente,asesor-demo,2026-08-11T12:00:00Z,Cliente sintético de servicios técnicos.,FSM-CLI-011,Formulario demo
cliente-servicio-012,Prospecto,Persona,Empresa Técnica Demo 12 S.A.S.,900000012,Sofía García,+57 304 640 0012,servicio.demo.012@abera.local,1,2026-07-19T12:00:00Z,Valle del Cauca,Cali,76001,Calle 13 # 13-20,"{""coordinates"":[3.3847,-76.5461]}",3.3847,-76.5461,Hogar,Nuevo,asesora-demo,2026-08-12T12:00:00Z,Cliente sintético de servicios técnicos.,FSM-CLI-012,Formulario demo
cliente-servicio-013,Cliente,Empresa,Mateo López,900000013,Mateo López,+57 304 640 0013,servicio.demo.013@abera.local,1,2026-07-18T12:00:00Z,Atlántico,Barranquilla,08001,Calle 14 # 14-20,"{""coordinates"":[11.0282,-74.8391]}",11.0282,-74.8391,Pyme,Diagnóstico,asesor-demo,2026-08-13T12:00:00Z,Cliente sintético de servicios técnicos.,FSM-CLI-013,Formulario demo
cliente-servicio-014,Prospecto,Persona,Empresa Técnica Demo 14 S.A.S.,900000014,Valentina Pérez,+57 304 640 0014,servicio.demo.014@abera.local,1,2026-07-17T12:00:00Z,Bolívar,Cartagena,13001,Calle 15 # 15-20,"{""coordinates"":[10.4096,-75.5395]}",10.4096,-75.5395,Corporativo,Cotización,asesora-demo,2026-08-14T12:00:00Z,Cliente sintético de servicios técnicos.,FSM-CLI-014,Formulario demo
cliente-servicio-015,Cliente,Empresa,Santiago Torres,900000015,Santiago Torres,+57 304 640 0015,servicio.demo.015@abera.local,1,2026-07-16T12:00:00Z,Santander,Bucaramanga,68001,Calle 16 # 16-20,"{""coordinates"":[7.1284,-73.113]}",7.1284,-73.113,Hogar,Cliente,asesor-demo,2026-08-15T12:00:00Z,Cliente sintético de servicios técnicos.,FSM-CLI-015,Formulario demo
cliente-servicio-016,Prospecto,Persona,Empresa Técnica Demo 16 S.A.S.,900000016,Mariana García,+57 304 640 0016,servicio.demo.016@abera.local,1,2026-07-15T12:00:00Z,Risaralda,Pereira,66001,Calle 17 # 17-20,"{""coordinates"":[4.812,-75.687]}",4.812,-75.687,Pyme,Nuevo,asesora-demo,2026-08-16T12:00:00Z,Cliente sintético de servicios técnicos.,FSM-CLI-016,Formulario demo
cliente-servicio-017,Cliente,Empresa,Sebastián López,900000017,Sebastián López,+57 304 640 0017,servicio.demo.017@abera.local,1,2026-07-14T12:00:00Z,Caldas,Manizales,17001,Calle 18 # 18-20,"{""coordinates"":[5.065,-75.498]}",5.065,-75.498,Corporativo,Diagnóstico,asesor-demo,2026-08-17T12:00:00Z,Cliente sintético de servicios técnicos.,FSM-CLI-017,Formulario demo
cliente-servicio-018,Prospecto,Persona,Empresa Técnica Demo 18 S.A.S.,900000018,Isabella Pérez,+57 304 640 0018,servicio.demo.018@abera.local,1,2026-07-13T12:00:00Z,Tolima,Ibagué,73001,Calle 19 # 19-20,"{""coordinates"":[4.4509,-75.2442]}",4.4509,-75.2442,Hogar,Cotización,asesora-demo,2026-08-18T12:00:00Z,Cliente sintético de servicios técnicos.,FSM-CLI-018,Formulario demo
cliente-servicio-019,Cliente,Empresa,Nicolás Torres,900000019,Nicolás Torres,+57 304 640 0019,servicio.demo.019@abera.local,1,2026-07-12T12:00:00Z,Meta,Villavicencio,50001,Calle 20 # 20-20,"{""coordinates"":[4.157,-73.6416]}",4.157,-73.6416,Pyme,Cliente,asesor-demo,2026-08-19T12:00:00Z,Cliente sintético de servicios técnicos.,FSM-CLI-019,Formulario demo
cliente-servicio-020,Prospecto,Persona,Empresa Técnica Demo 20 S.A.S.,900000020,Gabriela García,+57 304 640 0020,servicio.demo.020@abera.local,1,2026-07-11T12:00:00Z,Bogotá D.C.,Bogotá,11001,Calle 21 # 21-20,"{""coordinates"":[4.6666,-74.0817]}",4.6666,-74.0817,Corporativo,Nuevo,asesora-demo,2026-08-20T12:00:00Z,Cliente sintético de servicios técnicos.,FSM-CLI-020,Formulario demo
cliente-servicio-021,Cliente,Empresa,Samuel López,900000021,Samuel López,+57 304 640 0021,servicio.demo.021@abera.local,1,2026-07-10T12:00:00Z,Antioquia,Medellín,05001,Calle 22 # 22-20,"{""coordinates"":[6.2088,-75.5679]}",6.2088,-75.5679,Hogar,Diagnóstico,asesor-demo,2026-08-21T12:00:00Z,Cliente sintético de servicios técnicos.,FSM-CLI-021,Formulario demo
cliente-servicio-022,Prospecto,Persona,Empresa Técnica Demo 22 S.A.S.,900000022,Laura Pérez,+57 304 640 0022,servicio.demo.022@abera.local,1,2026-07-09T12:00:00Z,Valle del Cauca,Cali,76001,Calle 23 # 23-20,"{""coordinates"":[3.3727,-76.5341]}",3.3727,-76.5341,Pyme,Cotización,asesora-demo,2026-08-22T12:00:00Z,Cliente sintético de servicios técnicos.,FSM-CLI-022,Formulario demo
cliente-servicio-023,Cliente,Empresa,Daniel Torres,900000023,Daniel Torres,+57 304 640 0023,servicio.demo.023@abera.local,1,2026-07-08T12:00:00Z,Atlántico,Barranquilla,08001,Calle 24 # 24-20,"{""coordinates"":[11.0162,-74.8271]}",11.0162,-74.8271,Corporativo,Cliente,asesor-demo,2026-08-23T12:00:00Z,Cliente sintético de servicios técnicos.,FSM-CLI-023,Formulario demo
cliente-servicio-024,Prospecto,Persona,Empresa Técnica Demo 24 S.A.S.,900000024,Sofía García,+57 304 640 0024,servicio.demo.024@abera.local,1,2026-07-07T12:00:00Z,Bolívar,Cartagena,13001,Calle 25 # 25-20,"{""coordinates"":[10.4186,-75.5485]}",10.4186,-75.5485,Hogar,Nuevo,asesora-demo,2026-08-24T12:00:00Z,Cliente sintético de servicios técnicos.,FSM-CLI-024,Formulario demo
cliente-servicio-025,Cliente,Empresa,Mateo López,900000025,Mateo López,+57 304 640 0025,servicio.demo.025@abera.local,1,2026-07-06T12:00:00Z,Santander,Bucaramanga,68001,Calle 26 # 26-20,"{""coordinates"":[7.1374,-73.122]}",7.1373999999999995,-73.122,Pyme,Diagnóstico,asesor-demo,2026-08-25T12:00:00Z,Cliente sintético de servicios técnicos.,FSM-CLI-025,Formulario demo
cliente-servicio-026,Prospecto,Persona,Empresa Técnica Demo 26 S.A.S.,900000026,Valentina Pérez,+57 304 640 0026,servicio.demo.026@abera.local,1,2026-07-05T12:00:00Z,Risaralda,Pereira,66001,Calle 27 # 27-20,"{""coordinates"":[4.821,-75.696]}",4.821,-75.696,Corporativo,Cotización,asesora-demo,2026-08-26T12:00:00Z,Cliente sintético de servicios técnicos.,FSM-CLI-026,Formulario demo
cliente-servicio-027,Cliente,Empresa,Santiago Torres,900000027,Santiago Torres,+57 304 640 0027,servicio.demo.027@abera.local,1,2026-07-04T12:00:00Z,Caldas,Manizales,17001,Calle 28 # 28-20,"{""coordinates"":[5.074,-75.507]}",5.074,-75.507,Hogar,Cliente,asesor-demo,2026-08-27T12:00:00Z,Cliente sintético de servicios técnicos.,FSM-CLI-027,Formulario demo
cliente-servicio-028,Prospecto,Persona,Empresa Técnica Demo 28 S.A.S.,900000028,Mariana García,+57 304 640 0028,servicio.demo.028@abera.local,1,2026-07-03T12:00:00Z,Tolima,Ibagué,73001,Calle 29 # 29-20,"{""coordinates"":[4.4389,-75.2322]}",4.4389,-75.2322,Pyme,Nuevo,asesora-demo,2026-08-28T12:00:00Z,Cliente sintético de servicios técnicos.,FSM-CLI-028,Formulario demo
cliente-servicio-029,Cliente,Empresa,Sebastián López,900000029,Sebastián López,+57 304 640 0029,servicio.demo.029@abera.local,1,2026-07-02T12:00:00Z,Meta,Villavicencio,50001,Calle 30 # 30-20,"{""coordinates"":[4.145,-73.6296]}",4.1450000000000005,-73.6296,Corporativo,Diagnóstico,asesor-demo,2026-08-29T12:00:00Z,Cliente sintético de servicios técnicos.,FSM-CLI-029,Formulario demo
cliente-servicio-030,Prospecto,Persona,Empresa Técnica Demo 30 S.A.S.,900000030,Isabella Pérez,+57 304 640 0030,servicio.demo.030@abera.local,1,2026-07-01T12:00:00Z,Bogotá D.C.,Bogotá,11001,Calle 31 # 31-20,"{""coordinates"":[4.6546,-74.0697]}",4.6546,-74.0697,Hogar,Cotización,asesora-demo,2026-07-31T12:00:00Z,Cliente sintético de servicios técnicos.,FSM-CLI-030,Formulario demo
cliente-servicio-031,Cliente,Empresa,Nicolás Torres,900000031,Nicolás Torres,+57 304 640 0031,servicio.demo.031@abera.local,1,2026-06-30T12:00:00Z,Antioquia,Medellín,05001,Calle 32 # 32-20,"{""coordinates"":[6.2178,-75.5769]}",6.2178,-75.5769,Pyme,Cliente,asesor-demo,2026-08-01T12:00:00Z,Cliente sintético de servicios técnicos.,FSM-CLI-031,Formulario demo
cliente-servicio-032,Prospecto,Persona,Empresa Técnica Demo 32 S.A.S.,900000032,Gabriela García,+57 304 640 0032,servicio.demo.032@abera.local,1,2026-06-29T12:00:00Z,Valle del Cauca,Cali,76001,Calle 33 # 33-20,"{""coordinates"":[3.3817,-76.5431]}",3.3817,-76.5431,Corporativo,Nuevo,asesora-demo,2026-08-02T12:00:00Z,Cliente sintético de servicios técnicos.,FSM-CLI-032,Formulario demo
cliente-servicio-033,Cliente,Empresa,Samuel López,900000033,Samuel López,+57 304 640 0033,servicio.demo.033@abera.local,1,2026-06-28T12:00:00Z,Atlántico,Barranquilla,08001,Calle 34 # 34-20,"{""coordinates"":[11.0252,-74.8361]}",11.0252,-74.8361,Hogar,Diagnóstico,asesor-demo,2026-08-03T12:00:00Z,Cliente sintético de servicios técnicos.,FSM-CLI-033,Formulario demo
cliente-servicio-034,Prospecto,Persona,Empresa Técnica Demo 34 S.A.S.,900000034,Laura Pérez,+57 304 640 0034,servicio.demo.034@abera.local,1,2026-06-27T12:00:00Z,Bolívar,Cartagena,13001,Calle 35 # 35-20,"{""coordinates"":[10.4276,-75.5575]}",10.4276,-75.5575,Pyme,Cotización,asesora-demo,2026-08-04T12:00:00Z,Cliente sintético de servicios técnicos.,FSM-CLI-034,Formulario demo
cliente-servicio-035,Cliente,Empresa,Daniel Torres,900000035,Daniel Torres,+57 304 640 0035,servicio.demo.035@abera.local,1,2026-06-26T12:00:00Z,Santander,Bucaramanga,68001,Calle 36 # 36-20,"{""coordinates"":[7.1254,-73.11]}",7.1254,-73.11,Corporativo,Cliente,asesor-demo,2026-08-05T12:00:00Z,Cliente sintético de servicios técnicos.,FSM-CLI-035,Formulario demo
cliente-servicio-036,Prospecto,Persona,Empresa Técnica Demo 36 S.A.S.,900000036,Sofía García,+57 304 640 0036,servicio.demo.036@abera.local,1,2026-06-25T12:00:00Z,Risaralda,Pereira,66001,Calle 37 # 37-20,"{""coordinates"":[4.809,-75.684]}",4.809,-75.684,Hogar,Nuevo,asesora-demo,2026-08-06T12:00:00Z,Cliente sintético de servicios técnicos.,FSM-CLI-036,Formulario demo
cliente-servicio-037,Cliente,Empresa,Mateo López,900000037,Mateo López,+57 304 640 0037,servicio.demo.037@abera.local,1,2026-06-24T12:00:00Z,Caldas,Manizales,17001,Calle 38 # 38-20,"{""coordinates"":[5.062,-75.495]}",5.062,-75.495,Pyme,Diagnóstico,asesor-demo,2026-08-07T12:00:00Z,Cliente sintético de servicios técnicos.,FSM-CLI-037,Formulario demo
cliente-servicio-038,Prospecto,Persona,Empresa Técnica Demo 38 S.A.S.,900000038,Valentina Pérez,+57 304 640 0038,servicio.demo.038@abera.local,1,2026-06-23T12:00:00Z,Tolima,Ibagué,73001,Calle 39 # 39-20,"{""coordinates"":[4.4479,-75.2412]}",4.447900000000001,-75.2412,Corporativo,Cotización,asesora-demo,2026-08-08T12:00:00Z,Cliente sintético de servicios técnicos.,FSM-CLI-038,Formulario demo
cliente-servicio-039,Cliente,Empresa,Santiago Torres,900000039,Santiago Torres,+57 304 640 0039,servicio.demo.039@abera.local,1,2026-06-22T12:00:00Z,Meta,Villavicencio,50001,Calle 40 # 40-20,"{""coordinates"":[4.154,-73.6386]}",4.154,-73.6386,Hogar,Cliente,asesor-demo,2026-08-09T12:00:00Z,Cliente sintético de servicios técnicos.,FSM-CLI-039,Formulario demo
cliente-servicio-040,Prospecto,Persona,Empresa Técnica Demo 40 S.A.S.,900000040,Mariana García,+57 304 640 0040,servicio.demo.040@abera.local,1,2026-06-21T12:00:00Z,Bogotá D.C.,Bogotá,11001,Calle 41 # 41-20,"{""coordinates"":[4.6636,-74.0787]}",4.6636,-74.0787,Pyme,Nuevo,asesora-demo,2026-08-10T12:00:00Z,Cliente sintético de servicios técnicos.,FSM-CLI-040,Formulario demo
cliente-servicio-041,Cliente,Empresa,Sebastián López,900000041,Sebastián López,+57 304 640 0041,servicio.demo.041@abera.local,1,2026-06-20T12:00:00Z,Antioquia,Medellín,05001,Calle 42 # 42-20,"{""coordinates"":[6.2268,-75.5859]}",6.2268,-75.5859,Corporativo,Diagnóstico,asesor-demo,2026-08-11T12:00:00Z,Cliente sintético de servicios técnicos.,FSM-CLI-041,Formulario demo
cliente-servicio-042,Prospecto,Persona,Empresa Técnica Demo 42 S.A.S.,900000042,Isabella Pérez,+57 304 640 0042,servicio.demo.042@abera.local,1,2026-06-19T12:00:00Z,Valle del Cauca,Cali,76001,Calle 43 # 43-20,"{""coordinates"":[3.3697,-76.5311]}",3.3697,-76.5311,Hogar,Cotización,asesora-demo,2026-08-12T12:00:00Z,Cliente sintético de servicios técnicos.,FSM-CLI-042,Formulario demo
cliente-servicio-043,Cliente,Empresa,Nicolás Torres,900000043,Nicolás Torres,+57 304 640 0043,servicio.demo.043@abera.local,1,2026-06-18T12:00:00Z,Atlántico,Barranquilla,08001,Calle 44 # 44-20,"{""coordinates"":[11.0132,-74.8241]}",11.0132,-74.8241,Pyme,Cliente,asesor-demo,2026-08-13T12:00:00Z,Cliente sintético de servicios técnicos.,FSM-CLI-043,Formulario demo
cliente-servicio-044,Prospecto,Persona,Empresa Técnica Demo 44 S.A.S.,900000044,Gabriela García,+57 304 640 0044,servicio.demo.044@abera.local,1,2026-06-17T12:00:00Z,Bolívar,Cartagena,13001,Calle 45 # 45-20,"{""coordinates"":[10.4156,-75.5455]}",10.4156,-75.5455,Corporativo,Nuevo,asesora-demo,2026-08-14T12:00:00Z,Cliente sintético de servicios técnicos.,FSM-CLI-044,Formulario demo
cliente-servicio-045,Cliente,Empresa,Samuel López,900000045,Samuel López,+57 304 640 0045,servicio.demo.045@abera.local,1,2026-06-16T12:00:00Z,Santander,Bucaramanga,68001,Calle 46 # 46-20,"{""coordinates"":[7.1344,-73.119]}",7.1344,-73.119,Hogar,Diagnóstico,asesor-demo,2026-08-15T12:00:00Z,Cliente sintético de servicios técnicos.,FSM-CLI-045,Formulario demo
cliente-servicio-046,Prospecto,Persona,Empresa Técnica Demo 46 S.A.S.,900000046,Laura Pérez,+57 304 640 0046,servicio.demo.046@abera.local,1,2026-06-15T12:00:00Z,Risaralda,Pereira,66001,Calle 47 # 47-20,"{""coordinates"":[4.818,-75.693]}",4.818,-75.693,Pyme,Cotización,asesora-demo,2026-08-16T12:00:00Z,Cliente sintético de servicios técnicos.,FSM-CLI-046,Formulario demo
cliente-servicio-047,Cliente,Empresa,Daniel Torres,900000047,Daniel Torres,+57 304 640 0047,servicio.demo.047@abera.local,1,2026-06-14T12:00:00Z,Caldas,Manizales,17001,Calle 48 # 48-20,"{""coordinates"":[5.071,-75.504]}",5.071,-75.504,Corporativo,Cliente,asesor-demo,2026-08-17T12:00:00Z,Cliente sintético de servicios técnicos.,FSM-CLI-047,Formulario demo
cliente-servicio-048,Prospecto,Persona,Empresa Técnica Demo 48 S.A.S.,900000048,Sofía García,+57 304 640 0048,servicio.demo.048@abera.local,1,2026-06-13T12:00:00Z,Tolima,Ibagué,73001,Calle 49 # 49-20,"{""coordinates"":[4.4569,-75.2502]}",4.4569,-75.2502,Hogar,Nuevo,asesora-demo,2026-08-18T12:00:00Z,Cliente sintético de servicios técnicos.,FSM-CLI-048,Formulario demo
cliente-servicio-049,Cliente,Empresa,Mateo López,900000049,Mateo López,+57 304 640 0049,servicio.demo.049@abera.local,1,2026-06-12T12:00:00Z,Meta,Villavicencio,50001,Calle 50 # 50-20,"{""coordinates"":[4.142,-73.6266]}",4.142,-73.6266,Pyme,Diagnóstico,asesor-demo,2026-08-19T12:00:00Z,Cliente sintético de servicios técnicos.,FSM-CLI-049,Formulario demo
cliente-servicio-050,Prospecto,Persona,Empresa Técnica Demo 50 S.A.S.,900000050,Valentina Pérez,+57 304 640 0050,servicio.demo.050@abera.local,1,2026-06-11T12:00:00Z,Bogotá D.C.,Bogotá,11001,Calle 51 # 51-20,"{""coordinates"":[4.6516,-74.0667]}",4.6516,-74.0667,Corporativo,Cotización,asesora-demo,2026-08-20T12:00:00Z,Cliente sintético de servicios técnicos.,FSM-CLI-050,Formulario demo
cliente-servicio-051,Cliente,Empresa,Santiago Torres,900000051,Santiago Torres,+57 304 640 0051,servicio.demo.051@abera.local,1,2026-06-10T12:00:00Z,Antioquia,Medellín,05001,Calle 52 # 52-20,"{""coordinates"":[6.2148,-75.5739]}",6.2148,-75.5739,Hogar,Cliente,asesor-demo,2026-08-21T12:00:00Z,Cliente sintético de servicios técnicos.,FSM-CLI-051,Formulario demo
cliente-servicio-052,Prospecto,Persona,Empresa Técnica Demo 52 S.A.S.,900000052,Mariana García,+57 304 640 0052,servicio.demo.052@abera.local,1,2026-06-09T12:00:00Z,Valle del Cauca,Cali,76001,Calle 53 # 53-20,"{""coordinates"":[3.3787,-76.5401]}",3.3787,-76.5401,Pyme,Nuevo,asesora-demo,2026-08-22T12:00:00Z,Cliente sintético de servicios técnicos.,FSM-CLI-052,Formulario demo
cliente-servicio-053,Cliente,Empresa,Sebastián López,900000053,Sebastián López,+57 304 640 0053,servicio.demo.053@abera.local,1,2026-06-08T12:00:00Z,Atlántico,Barranquilla,08001,Calle 54 # 54-20,"{""coordinates"":[11.0222,-74.8331]}",11.0222,-74.8331,Corporativo,Diagnóstico,asesor-demo,2026-08-23T12:00:00Z,Cliente sintético de servicios técnicos.,FSM-CLI-053,Formulario demo
cliente-servicio-054,Prospecto,Persona,Empresa Técnica Demo 54 S.A.S.,900000054,Isabella Pérez,+57 304 640 0054,servicio.demo.054@abera.local,1,2026-06-07T12:00:00Z,Bolívar,Cartagena,13001,Calle 55 # 55-20,"{""coordinates"":[10.4246,-75.5545]}",10.4246,-75.5545,Hogar,Cotización,asesora-demo,2026-08-24T12:00:00Z,Cliente sintético de servicios técnicos.,FSM-CLI-054,Formulario demo
cliente-servicio-055,Cliente,Empresa,Nicolás Torres,900000055,Nicolás Torres,+57 304 640 0055,servicio.demo.055@abera.local,1,2026-06-06T12:00:00Z,Santander,Bucaramanga,68001,Calle 56 # 56-20,"{""coordinates"":[7.1434,-73.128]}",7.1434,-73.128,Pyme,Cliente,asesor-demo,2026-08-25T12:00:00Z,Cliente sintético de servicios técnicos.,FSM-CLI-055,Formulario demo
cliente-servicio-056,Prospecto,Persona,Empresa Técnica Demo 56 S.A.S.,900000056,Gabriela García,+57 304 640 0056,servicio.demo.056@abera.local,1,2026-06-05T12:00:00Z,Risaralda,Pereira,66001,Calle 57 # 57-20,"{""coordinates"":[4.806,-75.681]}",4.806,-75.681,Corporativo,Nuevo,asesora-demo,2026-08-26T12:00:00Z,Cliente sintético de servicios técnicos.,FSM-CLI-056,Formulario demo
cliente-servicio-057,Cliente,Empresa,Samuel López,900000057,Samuel López,+57 304 640 0057,servicio.demo.057@abera.local,1,2026-06-04T12:00:00Z,Caldas,Manizales,17001,Calle 58 # 58-20,"{""coordinates"":[5.059,-75.492]}",5.059,-75.492,Hogar,Diagnóstico,asesor-demo,2026-08-27T12:00:00Z,Cliente sintético de servicios técnicos.,FSM-CLI-057,Formulario demo
cliente-servicio-058,Prospecto,Persona,Empresa Técnica Demo 58 S.A.S.,900000058,Laura Pérez,+57 304 640 0058,servicio.demo.058@abera.local,1,2026-06-03T12:00:00Z,Tolima,Ibagué,73001,Calle 59 # 59-20,"{""coordinates"":[4.4449,-75.2382]}",4.4449000000000005,-75.2382,Pyme,Cotización,asesora-demo,2026-08-28T12:00:00Z,Cliente sintético de servicios técnicos.,FSM-CLI-058,Formulario demo
cliente-servicio-059,Cliente,Empresa,Daniel Torres,900000059,Daniel Torres,+57 304 640 0059,servicio.demo.059@abera.local,1,2026-06-02T12:00:00Z,Meta,Villavicencio,50001,Calle 60 # 60-20,"{""coordinates"":[4.151,-73.6356]}",4.151000000000001,-73.6356,Corporativo,Cliente,asesor-demo,2026-08-29T12:00:00Z,Cliente sintético de servicios técnicos.,FSM-CLI-059,Formulario demo
cliente-servicio-060,Prospecto,Persona,Empresa Técnica Demo 60 S.A.S.,900000060,Sofía García,+57 304 640 0060,servicio.demo.060@abera.local,1,2026-07-31T12:00:00Z,Bogotá D.C.,Bogotá,11001,Calle 61 # 1-20,"{""coordinates"":[4.6606,-74.0757]}",4.6606,-74.0757,Hogar,Nuevo,asesora-demo,2026-07-31T12:00:00Z,Cliente sintético de servicios técnicos.,FSM-CLI-060,Formulario demo
cliente-servicio-061,Cliente,Empresa,Mateo López,900000061,Mateo López,+57 304 640 0061,servicio.demo.061@abera.local,1,2026-07-30T12:00:00Z,Antioquia,Medellín,05001,Calle 62 # 2-20,"{""coordinates"":[6.2238,-75.5829]}",6.2238,-75.5829,Pyme,Diagnóstico,asesor-demo,2026-08-01T12:00:00Z,Cliente sintético de servicios técnicos.,FSM-CLI-061,Formulario demo
cliente-servicio-062,Prospecto,Persona,Empresa Técnica Demo 62 S.A.S.,900000062,Valentina Pérez,+57 304 640 0062,servicio.demo.062@abera.local,1,2026-07-29T12:00:00Z,Valle del Cauca,Cali,76001,Calle 63 # 3-20,"{""coordinates"":[3.3877,-76.5491]}",3.3876999999999997,-76.5491,Corporativo,Cotización,asesora-demo,2026-08-02T12:00:00Z,Cliente sintético de servicios técnicos.,FSM-CLI-062,Formulario demo
cliente-servicio-063,Cliente,Empresa,Santiago Torres,900000063,Santiago Torres,+57 304 640 0063,servicio.demo.063@abera.local,1,2026-07-28T12:00:00Z,Atlántico,Barranquilla,08001,Calle 64 # 4-20,"{""coordinates"":[11.0102,-74.8211]}",11.0102,-74.8211,Hogar,Cliente,asesor-demo,2026-08-03T12:00:00Z,Cliente sintético de servicios técnicos.,FSM-CLI-063,Formulario demo
cliente-servicio-064,Prospecto,Persona,Empresa Técnica Demo 64 S.A.S.,900000064,Mariana García,+57 304 640 0064,servicio.demo.064@abera.local,1,2026-07-27T12:00:00Z,Bolívar,Cartagena,13001,Calle 65 # 5-20,"{""coordinates"":[10.4126,-75.5425]}",10.4126,-75.5425,Pyme,Nuevo,asesora-demo,2026-08-04T12:00:00Z,Cliente sintético de servicios técnicos.,FSM-CLI-064,Formulario demo
cliente-servicio-065,Cliente,Empresa,Sebastián López,900000065,Sebastián López,+57 304 640 0065,servicio.demo.065@abera.local,1,2026-07-26T12:00:00Z,Santander,Bucaramanga,68001,Calle 66 # 6-20,"{""coordinates"":[7.1314,-73.116]}",7.1314,-73.116,Corporativo,Diagnóstico,asesor-demo,2026-08-05T12:00:00Z,Cliente sintético de servicios técnicos.,FSM-CLI-065,Formulario demo
cliente-servicio-066,Prospecto,Persona,Empresa Técnica Demo 66 S.A.S.,900000066,Isabella Pérez,+57 304 640 0066,servicio.demo.066@abera.local,1,2026-07-25T12:00:00Z,Risaralda,Pereira,66001,Calle 67 # 7-20,"{""coordinates"":[4.815,-75.69]}",4.815,-75.69,Hogar,Cotización,asesora-demo,2026-08-06T12:00:00Z,Cliente sintético de servicios técnicos.,FSM-CLI-066,Formulario demo
cliente-servicio-067,Cliente,Empresa,Nicolás Torres,900000067,Nicolás Torres,+57 304 640 0067,servicio.demo.067@abera.local,1,2026-07-24T12:00:00Z,Caldas,Manizales,17001,Calle 68 # 8-20,"{""coordinates"":[5.068,-75.501]}",5.068,-75.501,Pyme,Cliente,asesor-demo,2026-08-07T12:00:00Z,Cliente sintético de servicios técnicos.,FSM-CLI-067,Formulario demo
cliente-servicio-068,Prospecto,Persona,Empresa Técnica Demo 68 S.A.S.,900000068,Gabriela García,+57 304 640 0068,servicio.demo.068@abera.local,1,2026-07-23T12:00:00Z,Tolima,Ibagué,73001,Calle 69 # 9-20,"{""coordinates"":[4.4539,-75.2472]}",4.4539,-75.2472,Corporativo,Nuevo,asesora-demo,2026-08-08T12:00:00Z,Cliente sintético de servicios técnicos.,FSM-CLI-068,Formulario demo
cliente-servicio-069,Cliente,Empresa,Samuel López,900000069,Samuel López,+57 304 640 0069,servicio.demo.069@abera.local,1,2026-07-22T12:00:00Z,Meta,Villavicencio,50001,Calle 70 # 10-20,"{""coordinates"":[4.16,-73.6446]}",4.16,-73.6446,Hogar,Diagnóstico,asesor-demo,2026-08-09T12:00:00Z,Cliente sintético de servicios técnicos.,FSM-CLI-069,Formulario demo
cliente-servicio-070,Prospecto,Persona,Empresa Técnica Demo 70 S.A.S.,900000070,Laura Pérez,+57 304 640 0070,servicio.demo.070@abera.local,1,2026-07-21T12:00:00Z,Bogotá D.C.,Bogotá,11001,Calle 71 # 11-20,"{""coordinates"":[4.6486,-74.0637]}",4.6486,-74.0637,Pyme,Cotización,asesora-demo,2026-08-10T12:00:00Z,Cliente sintético de servicios técnicos.,FSM-CLI-070,Formulario demo
cliente-servicio-071,Cliente,Empresa,Daniel Torres,900000071,Daniel Torres,+57 304 640 0071,servicio.demo.071@abera.local,1,2026-07-20T12:00:00Z,Antioquia,Medellín,05001,Calle 72 # 12-20,"{""coordinates"":[6.2118,-75.5709]}",6.2118,-75.5709,Corporativo,Cliente,asesor-demo,2026-08-11T12:00:00Z,Cliente sintético de servicios técnicos.,FSM-CLI-071,Formulario demo
cliente-servicio-072,Prospecto,Persona,Empresa Técnica Demo 72 S.A.S.,900000072,Sofía García,+57 304 640 0072,servicio.demo.072@abera.local,1,2026-07-19T12:00:00Z,Valle del Cauca,Cali,76001,Calle 73 # 13-20,"{""coordinates"":[3.3757,-76.5371]}",3.3756999999999997,-76.5371,Hogar,Nuevo,asesora-demo,2026-08-12T12:00:00Z,Cliente sintético de servicios técnicos.,FSM-CLI-072,Formulario demo
cliente-servicio-073,Cliente,Empresa,Mateo López,900000073,Mateo López,+57 304 640 0073,servicio.demo.073@abera.local,1,2026-07-18T12:00:00Z,Atlántico,Barranquilla,08001,Calle 74 # 14-20,"{""coordinates"":[11.0192,-74.8301]}",11.0192,-74.8301,Pyme,Diagnóstico,asesor-demo,2026-08-13T12:00:00Z,Cliente sintético de servicios técnicos.,FSM-CLI-073,Formulario demo
cliente-servicio-074,Prospecto,Persona,Empresa Técnica Demo 74 S.A.S.,900000074,Valentina Pérez,+57 304 640 0074,servicio.demo.074@abera.local,1,2026-07-17T12:00:00Z,Bolívar,Cartagena,13001,Calle 75 # 15-20,"{""coordinates"":[10.4216,-75.5515]}",10.4216,-75.5515,Corporativo,Cotización,asesora-demo,2026-08-14T12:00:00Z,Cliente sintético de servicios técnicos.,FSM-CLI-074,Formulario demo
cliente-servicio-075,Cliente,Empresa,Santiago Torres,900000075,Santiago Torres,+57 304 640 0075,servicio.demo.075@abera.local,1,2026-07-16T12:00:00Z,Santander,Bucaramanga,68001,Calle 76 # 16-20,"{""coordinates"":[7.1404,-73.125]}",7.1404,-73.125,Hogar,Cliente,asesor-demo,2026-08-15T12:00:00Z,Cliente sintético de servicios técnicos.,FSM-CLI-075,Formulario demo
cliente-servicio-076,Prospecto,Persona,Empresa Técnica Demo 76 S.A.S.,900000076,Mariana García,+57 304 640 0076,servicio.demo.076@abera.local,1,2026-07-15T12:00:00Z,Risaralda,Pereira,66001,Calle 77 # 17-20,"{""coordinates"":[4.824,-75.699]}",4.824,-75.699,Pyme,Nuevo,asesora-demo,2026-08-16T12:00:00Z,Cliente sintético de servicios técnicos.,FSM-CLI-076,Formulario demo
cliente-servicio-077,Cliente,Empresa,Sebastián López,900000077,Sebastián López,+57 304 640 0077,servicio.demo.077@abera.local,1,2026-07-14T12:00:00Z,Caldas,Manizales,17001,Calle 78 # 18-20,"{""coordinates"":[5.056,-75.489]}",5.056,-75.489,Corporativo,Diagnóstico,asesor-demo,2026-08-17T12:00:00Z,Cliente sintético de servicios técnicos.,FSM-CLI-077,Formulario demo
cliente-servicio-078,Prospecto,Persona,Empresa Técnica Demo 78 S.A.S.,900000078,Isabella Pérez,+57 304 640 0078,servicio.demo.078@abera.local,1,2026-07-13T12:00:00Z,Tolima,Ibagué,73001,Calle 79 # 19-20,"{""coordinates"":[4.4419,-75.2352]}",4.4419,-75.2352,Hogar,Cotización,asesora-demo,2026-08-18T12:00:00Z,Cliente sintético de servicios técnicos.,FSM-CLI-078,Formulario demo
cliente-servicio-079,Cliente,Empresa,Nicolás Torres,900000079,Nicolás Torres,+57 304 640 0079,servicio.demo.079@abera.local,1,2026-07-12T12:00:00Z,Meta,Villavicencio,50001,Calle 80 # 20-20,"{""coordinates"":[4.148,-73.6326]}",4.148000000000001,-73.6326,Pyme,Cliente,asesor-demo,2026-08-19T12:00:00Z,Cliente sintético de servicios técnicos.,FSM-CLI-079,Formulario demo
cliente-servicio-080,Prospecto,Persona,Empresa Técnica Demo 80 S.A.S.,900000080,Gabriela García,+57 304 640 0080,servicio.demo.080@abera.local,1,2026-07-11T12:00:00Z,Bogotá D.C.,Bogotá,11001,Calle 81 # 21-20,"{""coordinates"":[4.6576,-74.0727]}",4.6576,-74.0727,Corporativo,Nuevo,asesora-demo,2026-08-20T12:00:00Z,Cliente sintético de servicios técnicos.,FSM-CLI-080,Formulario demo
cliente-servicio-081,Cliente,Empresa,Samuel López,900000081,Samuel López,+57 304 640 0081,servicio.demo.081@abera.local,1,2026-07-10T12:00:00Z,Antioquia,Medellín,05001,Calle 82 # 22-20,"{""coordinates"":[6.2208,-75.5799]}",6.2208,-75.5799,Hogar,Diagnóstico,asesor-demo,2026-08-21T12:00:00Z,Cliente sintético de servicios técnicos.,FSM-CLI-081,Formulario demo
cliente-servicio-082,Prospecto,Persona,Empresa Técnica Demo 82 S.A.S.,900000082,Laura Pérez,+57 304 640 0082,servicio.demo.082@abera.local,1,2026-07-09T12:00:00Z,Valle del Cauca,Cali,76001,Calle 83 # 23-20,"{""coordinates"":[3.3847,-76.5461]}",3.3847,-76.5461,Pyme,Cotización,asesora-demo,2026-08-22T12:00:00Z,Cliente sintético de servicios técnicos.,FSM-CLI-082,Formulario demo
cliente-servicio-083,Cliente,Empresa,Daniel Torres,900000083,Daniel Torres,+57 304 640 0083,servicio.demo.083@abera.local,1,2026-07-08T12:00:00Z,Atlántico,Barranquilla,08001,Calle 84 # 24-20,"{""coordinates"":[11.0282,-74.8391]}",11.0282,-74.8391,Corporativo,Cliente,asesor-demo,2026-08-23T12:00:00Z,Cliente sintético de servicios técnicos.,FSM-CLI-083,Formulario demo
cliente-servicio-084,Prospecto,Persona,Empresa Técnica Demo 84 S.A.S.,900000084,Sofía García,+57 304 640 0084,servicio.demo.084@abera.local,1,2026-07-07T12:00:00Z,Bolívar,Cartagena,13001,Calle 85 # 25-20,"{""coordinates"":[10.4096,-75.5395]}",10.4096,-75.5395,Hogar,Nuevo,asesora-demo,2026-08-24T12:00:00Z,Cliente sintético de servicios técnicos.,FSM-CLI-084,Formulario demo
cliente-servicio-085,Cliente,Empresa,Mateo López,900000085,Mateo López,+57 304 640 0085,servicio.demo.085@abera.local,1,2026-07-06T12:00:00Z,Santander,Bucaramanga,68001,Calle 86 # 26-20,"{""coordinates"":[7.1284,-73.113]}",7.1284,-73.113,Pyme,Diagnóstico,asesor-demo,2026-08-25T12:00:00Z,Cliente sintético de servicios técnicos.,FSM-CLI-085,Formulario demo
cliente-servicio-086,Prospecto,Persona,Empresa Técnica Demo 86 S.A.S.,900000086,Valentina Pérez,+57 304 640 0086,servicio.demo.086@abera.local,1,2026-07-05T12:00:00Z,Risaralda,Pereira,66001,Calle 87 # 27-20,"{""coordinates"":[4.812,-75.687]}",4.812,-75.687,Corporativo,Cotización,asesora-demo,2026-08-26T12:00:00Z,Cliente sintético de servicios técnicos.,FSM-CLI-086,Formulario demo
cliente-servicio-087,Cliente,Empresa,Santiago Torres,900000087,Santiago Torres,+57 304 640 0087,servicio.demo.087@abera.local,1,2026-07-04T12:00:00Z,Caldas,Manizales,17001,Calle 88 # 28-20,"{""coordinates"":[5.065,-75.498]}",5.065,-75.498,Hogar,Cliente,asesor-demo,2026-08-27T12:00:00Z,Cliente sintético de servicios técnicos.,FSM-CLI-087,Formulario demo
cliente-servicio-088,Prospecto,Persona,Empresa Técnica Demo 88 S.A.S.,900000088,Mariana García,+57 304 640 0088,servicio.demo.088@abera.local,1,2026-07-03T12:00:00Z,Tolima,Ibagué,73001,Calle 89 # 29-20,"{""coordinates"":[4.4509,-75.2442]}",4.4509,-75.2442,Pyme,Nuevo,asesora-demo,2026-08-28T12:00:00Z,Cliente sintético de servicios técnicos.,FSM-CLI-088,Formulario demo
cliente-servicio-089,Cliente,Empresa,Sebastián López,900000089,Sebastián López,+57 304 640 0089,servicio.demo.089@abera.local,1,2026-07-02T12:00:00Z,Meta,Villavicencio,50001,Calle 90 # 30-20,"{""coordinates"":[4.157,-73.6416]}",4.157,-73.6416,Corporativo,Diagnóstico,asesor-demo,2026-08-29T12:00:00Z,Cliente sintético de servicios técnicos.,FSM-CLI-089,Formulario demo
cliente-servicio-090,Prospecto,Persona,Empresa Técnica Demo 90 S.A.S.,900000090,Isabella Pérez,+57 304 640 0090,servicio.demo.090@abera.local,1,2026-07-01T12:00:00Z,Bogotá D.C.,Bogotá,11001,Calle 1 # 31-20,"{""coordinates"":[4.6666,-74.0817]}",4.6666,-74.0817,Hogar,Cotización,asesora-demo,2026-07-31T12:00:00Z,Cliente sintético de servicios técnicos.,FSM-CLI-090,Formulario demo
cliente-servicio-091,Cliente,Empresa,Nicolás Torres,900000091,Nicolás Torres,+57 304 640 0091,servicio.demo.091@abera.local,1,2026-06-30T12:00:00Z,Antioquia,Medellín,05001,Calle 2 # 32-20,"{""coordinates"":[6.2088,-75.5679]}",6.2088,-75.5679,Pyme,Cliente,asesor-demo,2026-08-01T12:00:00Z,Cliente sintético de servicios técnicos.,FSM-CLI-091,Formulario demo
cliente-servicio-092,Prospecto,Persona,Empresa Técnica Demo 92 S.A.S.,900000092,Gabriela García,+57 304 640 0092,servicio.demo.092@abera.local,1,2026-06-29T12:00:00Z,Valle del Cauca,Cali,76001,Calle 3 # 33-20,"{""coordinates"":[3.3727,-76.5341]}",3.3727,-76.5341,Corporativo,Nuevo,asesora-demo,2026-08-02T12:00:00Z,Cliente sintético de servicios técnicos.,FSM-CLI-092,Formulario demo
cliente-servicio-093,Cliente,Empresa,Samuel López,900000093,Samuel López,+57 304 640 0093,servicio.demo.093@abera.local,1,2026-06-28T12:00:00Z,Atlántico,Barranquilla,08001,Calle 4 # 34-20,"{""coordinates"":[11.0162,-74.8271]}",11.0162,-74.8271,Hogar,Diagnóstico,asesor-demo,2026-08-03T12:00:00Z,Cliente sintético de servicios técnicos.,FSM-CLI-093,Formulario demo
cliente-servicio-094,Prospecto,Persona,Empresa Técnica Demo 94 S.A.S.,900000094,Laura Pérez,+57 304 640 0094,servicio.demo.094@abera.local,1,2026-06-27T12:00:00Z,Bolívar,Cartagena,13001,Calle 5 # 35-20,"{""coordinates"":[10.4186,-75.5485]}",10.4186,-75.5485,Pyme,Cotización,asesora-demo,2026-08-04T12:00:00Z,Cliente sintético de servicios técnicos.,FSM-CLI-094,Formulario demo
cliente-servicio-095,Cliente,Empresa,Daniel Torres,900000095,Daniel Torres,+57 304 640 0095,servicio.demo.095@abera.local,1,2026-06-26T12:00:00Z,Santander,Bucaramanga,68001,Calle 6 # 36-20,"{""coordinates"":[7.1374,-73.122]}",7.1373999999999995,-73.122,Corporativo,Cliente,asesor-demo,2026-08-05T12:00:00Z,Cliente sintético de servicios técnicos.,FSM-CLI-095,Formulario demo
cliente-servicio-096,Prospecto,Persona,Empresa Técnica Demo 96 S.A.S.,900000096,Sofía García,+57 304 640 0096,servicio.demo.096@abera.local,1,2026-06-25T12:00:00Z,Risaralda,Pereira,66001,Calle 7 # 37-20,"{""coordinates"":[4.821,-75.696]}",4.821,-75.696,Hogar,Nuevo,asesora-demo,2026-08-06T12:00:00Z,Cliente sintético de servicios técnicos.,FSM-CLI-096,Formulario demo
cliente-servicio-097,Cliente,Empresa,Mateo López,900000097,Mateo López,+57 304 640 0097,servicio.demo.097@abera.local,1,2026-06-24T12:00:00Z,Caldas,Manizales,17001,Calle 8 # 38-20,"{""coordinates"":[5.074,-75.507]}",5.074,-75.507,Pyme,Diagnóstico,asesor-demo,2026-08-07T12:00:00Z,Cliente sintético de servicios técnicos.,FSM-CLI-097,Formulario demo
cliente-servicio-098,Prospecto,Persona,Empresa Técnica Demo 98 S.A.S.,900000098,Valentina Pérez,+57 304 640 0098,servicio.demo.098@abera.local,1,2026-06-23T12:00:00Z,Tolima,Ibagué,73001,Calle 9 # 39-20,"{""coordinates"":[4.4389,-75.2322]}",4.4389,-75.2322,Corporativo,Cotización,asesora-demo,2026-08-08T12:00:00Z,Cliente sintético de servicios técnicos.,FSM-CLI-098,Formulario demo
cliente-servicio-099,Cliente,Empresa,Santiago Torres,900000099,Santiago Torres,+57 304 640 0099,servicio.demo.099@abera.local,1,2026-06-22T12:00:00Z,Meta,Villavicencio,50001,Calle 10 # 40-20,"{""coordinates"":[4.145,-73.6296]}",4.1450000000000005,-73.6296,Hogar,Cliente,asesor-demo,2026-08-09T12:00:00Z,Cliente sintético de servicios técnicos.,FSM-CLI-099,Formulario demo
cliente-servicio-100,Prospecto,Persona,Empresa Técnica Demo 100 S.A.S.,900000100,Mariana García,+57 304 640 0100,servicio.demo.100@abera.local,1,2026-06-21T12:00:00Z,Bogotá D.C.,Bogotá,11001,Calle 11 # 41-20,"{""coordinates"":[4.6546,-74.0697]}",4.6546,-74.0697,Pyme,Nuevo,asesora-demo,2026-08-10T12:00:00Z,Cliente sintético de servicios técnicos.,FSM-CLI-100,Formulario demo
