ID,nombres,apellidos,telefono,correo,autorizaTratamientoDatos,fechaAutorizacion,origenAutorizacion,ciudad,presupuestoMinimo,presupuestoMaximo,plazoCompra,vehiculoActual,requiereFinanciacion,vehiculosInteres,origen,estado,asesor,prioridad,fechaAsignacion,proximoContacto,ultimoContacto,notas,externalID,proveedorExterno,motivoCierre
auto-prospecto-001,Mateo,López,+57 301 610 0001,auto.demo.001@abera.local,1,2026-07-30T12:00:00Z,Sala de ventas,Medellín,55300000,91500000,Menos de 30 días,Vehículo usado 1,1,"[vehiculo-002,vehiculo-021]",Sala de ventas,Contactado,asesor-demo,Media,2026-07-30T12:00:00Z,2026-07-31T13:00:00Z,2026-07-30T12:00:00Z,Prospecto automotriz sintético.,CRM-AUTO-001,Formulario demo,
auto-prospecto-002,Valentina,Pérez,+57 301 610 0002,auto.demo.002@abera.local,1,2026-07-29T12:00:00Z,WhatsApp,Cali,55600000,93000000,Entre 1 y 3 meses,Vehículo usado 2,0,"[vehiculo-003,vehiculo-022]",Referido,Calificado,asesora-demo,Media,2026-07-29T12:00:00Z,2026-07-31T14:00:00Z,2026-07-29T12:00:00Z,Prospecto automotriz sintético.,CRM-AUTO-002,Formulario demo,
auto-prospecto-003,Santiago,Torres,+57 301 610 0003,auto.demo.003@abera.local,1,2026-07-28T12:00:00Z,Telefónica,Barranquilla,55900000,94500000,Más de 3 meses,Vehículo usado 3,1,"[vehiculo-004,vehiculo-023]",Redes sociales,Prueba de manejo,asesor-demo,Alta,2026-07-28T12:00:00Z,2026-07-31T15:00:00Z,2026-07-28T12:00:00Z,Prospecto automotriz sintético.,CRM-AUTO-003,Formulario demo,
auto-prospecto-004,Mariana,García,+57 301 610 0004,auto.demo.004@abera.local,1,2026-07-27T12:00:00Z,Formulario web,Cartagena,56200000,96000000,Inmediato,Vehículo usado 4,0,"[vehiculo-005,vehiculo-024]",Sitio web,Cotización,asesora-demo,Urgente,2026-07-27T12:00:00Z,2026-07-31T16:00:00Z,2026-07-27T12:00:00Z,Prospecto automotriz sintético.,CRM-AUTO-004,Formulario demo,
auto-prospecto-005,Sebastián,López,+57 301 610 0005,auto.demo.005@abera.local,1,2026-07-26T12:00:00Z,Sala de ventas,Bucaramanga,56500000,97500000,Menos de 30 días,Vehículo usado 5,1,"[vehiculo-006,vehiculo-025]",Sala de ventas,Negociación,asesor-demo,Baja,2026-07-26T12:00:00Z,2026-07-31T17:00:00Z,2026-07-26T12:00:00Z,Prospecto automotriz sintético.,CRM-AUTO-005,Formulario demo,
auto-prospecto-006,Isabella,Pérez,+57 301 610 0006,auto.demo.006@abera.local,1,2026-07-25T12:00:00Z,WhatsApp,Pereira,56800000,99000000,Entre 1 y 3 meses,Vehículo usado 6,0,"[vehiculo-007,vehiculo-026]",Referido,Vendido,asesora-demo,Media,2026-07-25T12:00:00Z,2026-07-31T18:00:00Z,2026-07-25T12:00:00Z,Prospecto automotriz sintético.,CRM-AUTO-006,Formulario demo,
auto-prospecto-007,Nicolás,Torres,+57 301 610 0007,auto.demo.007@abera.local,1,2026-07-24T12:00:00Z,Telefónica,Manizales,57100000,100500000,Más de 3 meses,Vehículo usado 7,1,"[vehiculo-008,vehiculo-027]",Redes sociales,Perdido,asesor-demo,Media,2026-07-24T12:00:00Z,2026-07-31T19:00:00Z,2026-07-24T12:00:00Z,Prospecto automotriz sintético.,CRM-AUTO-007,Formulario demo,El plazo o presupuesto no coincidieron con el inventario.
auto-prospecto-008,Gabriela,García,+57 301 610 0008,auto.demo.008@abera.local,1,2026-07-23T12:00:00Z,Formulario web,Ibagué,57400000,102000000,Inmediato,Vehículo usado 8,0,"[vehiculo-009,vehiculo-028]",Sitio web,Nuevo,asesora-demo,Alta,2026-07-23T12:00:00Z,2026-07-31T20:00:00Z,2026-07-23T12:00:00Z,Prospecto automotriz sintético.,CRM-AUTO-008,Formulario demo,
auto-prospecto-009,Samuel,López,+57 301 610 0009,auto.demo.009@abera.local,1,2026-07-22T12:00:00Z,Sala de ventas,Villavicencio,57700000,103500000,Menos de 30 días,Vehículo usado 9,1,"[vehiculo-010,vehiculo-029]",Sala de ventas,Contactado,asesor-demo,Urgente,2026-07-22T12:00:00Z,2026-07-31T21:00:00Z,2026-07-22T12:00:00Z,Prospecto automotriz sintético.,CRM-AUTO-009,Formulario demo,
auto-prospecto-010,Laura,Pérez,+57 301 610 0010,auto.demo.010@abera.local,1,2026-07-21T12:00:00Z,WhatsApp,Bogotá,58000000,105000000,Entre 1 y 3 meses,Vehículo usado 10,0,"[vehiculo-011,vehiculo-030]",Referido,Calificado,asesora-demo,Baja,2026-07-21T12:00:00Z,2026-07-31T22:00:00Z,2026-07-21T12:00:00Z,Prospecto automotriz sintético.,CRM-AUTO-010,Formulario demo,
auto-prospecto-011,Daniel,Torres,+57 301 610 0011,auto.demo.011@abera.local,1,2026-07-20T12:00:00Z,Telefónica,Medellín,58300000,106500000,Más de 3 meses,Vehículo usado 11,1,"[vehiculo-012,vehiculo-031]",Redes sociales,Prueba de manejo,asesor-demo,Media,2026-07-20T12:00:00Z,2026-07-31T23:00:00Z,2026-07-20T12:00:00Z,Prospecto automotriz sintético.,CRM-AUTO-011,Formulario demo,
auto-prospecto-012,Sofía,García,+57 301 610 0012,auto.demo.012@abera.local,1,2026-07-19T12:00:00Z,Formulario web,Cali,58600000,108000000,Inmediato,Vehículo usado 0,0,"[vehiculo-013,vehiculo-032]",Sitio web,Cotización,,Media,2026-07-19T12:00:00Z,2026-08-01T00:00:00Z,2026-07-19T12:00:00Z,Prospecto automotriz sintético.,CRM-AUTO-012,Formulario demo,
auto-prospecto-013,Mateo,López,+57 301 610 0013,auto.demo.013@abera.local,1,2026-07-18T12:00:00Z,Sala de ventas,Barranquilla,58900000,109500000,Menos de 30 días,Vehículo usado 1,1,"[vehiculo-014,vehiculo-033]",Sala de ventas,Negociación,asesor-demo,Alta,2026-07-18T12:00:00Z,2026-08-01T01:00:00Z,2026-07-18T12:00:00Z,Prospecto automotriz sintético.,CRM-AUTO-013,Formulario demo,
auto-prospecto-014,Valentina,Pérez,+57 301 610 0014,auto.demo.014@abera.local,1,2026-07-17T12:00:00Z,WhatsApp,Cartagena,59200000,111000000,Entre 1 y 3 meses,Vehículo usado 2,0,"[vehiculo-015,vehiculo-034]",Referido,Vendido,asesora-demo,Urgente,2026-07-17T12:00:00Z,2026-08-01T02:00:00Z,2026-07-31T12:00:00Z,Prospecto automotriz sintético.,CRM-AUTO-014,Formulario demo,
auto-prospecto-015,Santiago,Torres,+57 301 610 0015,auto.demo.015@abera.local,1,2026-07-16T12:00:00Z,Telefónica,Bucaramanga,59500000,112500000,Más de 3 meses,Vehículo usado 3,1,"[vehiculo-016,vehiculo-035]",Redes sociales,Perdido,asesor-demo,Baja,2026-07-16T12:00:00Z,2026-08-01T03:00:00Z,2026-07-30T12:00:00Z,Prospecto automotriz sintético.,CRM-AUTO-015,Formulario demo,El plazo o presupuesto no coincidieron con el inventario.
auto-prospecto-016,Mariana,García,+57 301 610 0016,auto.demo.016@abera.local,1,2026-07-15T12:00:00Z,Formulario web,Pereira,59800000,114000000,Inmediato,Vehículo usado 4,0,"[vehiculo-017,vehiculo-036]",Sitio web,Nuevo,asesora-demo,Media,2026-07-15T12:00:00Z,2026-08-01T04:00:00Z,2026-07-29T12:00:00Z,Prospecto automotriz sintético.,CRM-AUTO-016,Formulario demo,
auto-prospecto-017,Sebastián,López,+57 301 610 0017,auto.demo.017@abera.local,1,2026-07-14T12:00:00Z,Sala de ventas,Manizales,60100000,115500000,Menos de 30 días,Vehículo usado 5,1,"[vehiculo-018,vehiculo-037]",Sala de ventas,Contactado,asesor-demo,Media,2026-07-14T12:00:00Z,2026-08-01T05:00:00Z,2026-07-28T12:00:00Z,Prospecto automotriz sintético.,CRM-AUTO-017,Formulario demo,
auto-prospecto-018,Isabella,Pérez,+57 301 610 0018,auto.demo.018@abera.local,1,2026-07-13T12:00:00Z,WhatsApp,Ibagué,60400000,117000000,Entre 1 y 3 meses,Vehículo usado 6,0,"[vehiculo-019,vehiculo-038]",Referido,Calificado,asesora-demo,Alta,2026-07-13T12:00:00Z,2026-08-01T06:00:00Z,2026-07-27T12:00:00Z,Prospecto automotriz sintético.,CRM-AUTO-018,Formulario demo,
auto-prospecto-019,Nicolás,Torres,+57 301 610 0019,auto.demo.019@abera.local,1,2026-07-12T12:00:00Z,Telefónica,Villavicencio,60700000,118500000,Más de 3 meses,Vehículo usado 7,1,"[vehiculo-020,vehiculo-039]",Redes sociales,Prueba de manejo,asesor-demo,Urgente,2026-07-12T12:00:00Z,2026-08-01T07:00:00Z,2026-07-26T12:00:00Z,Prospecto automotriz sintético.,CRM-AUTO-019,Formulario demo,
auto-prospecto-020,Gabriela,García,+57 301 610 0020,auto.demo.020@abera.local,1,2026-07-11T12:00:00Z,Formulario web,Bogotá,61000000,120000000,Inmediato,Vehículo usado 8,0,"[vehiculo-021,vehiculo-040]",Sitio web,Cotización,asesora-demo,Baja,2026-07-31T12:00:00Z,2026-08-01T08:00:00Z,2026-07-25T12:00:00Z,Prospecto automotriz sintético.,CRM-AUTO-020,Formulario demo,
auto-prospecto-021,Samuel,López,+57 301 610 0021,auto.demo.021@abera.local,1,2026-07-10T12:00:00Z,Sala de ventas,Medellín,61300000,121500000,Menos de 30 días,Vehículo usado 9,1,"[vehiculo-022,vehiculo-041]",Sala de ventas,Negociación,asesor-demo,Media,2026-07-30T12:00:00Z,2026-08-01T09:00:00Z,2026-07-24T12:00:00Z,Prospecto automotriz sintético.,CRM-AUTO-021,Formulario demo,
auto-prospecto-022,Laura,Pérez,+57 301 610 0022,auto.demo.022@abera.local,1,2026-07-09T12:00:00Z,WhatsApp,Cali,61600000,123000000,Entre 1 y 3 meses,Vehículo usado 10,0,"[vehiculo-023,vehiculo-042]",Referido,Vendido,asesora-demo,Media,2026-07-29T12:00:00Z,2026-08-01T10:00:00Z,2026-07-23T12:00:00Z,Prospecto automotriz sintético.,CRM-AUTO-022,Formulario demo,
auto-prospecto-023,Daniel,Torres,+57 301 610 0023,auto.demo.023@abera.local,1,2026-07-08T12:00:00Z,Telefónica,Barranquilla,61900000,124500000,Más de 3 meses,Vehículo usado 11,1,"[vehiculo-024,vehiculo-043]",Redes sociales,Perdido,asesor-demo,Alta,2026-07-28T12:00:00Z,2026-08-01T11:00:00Z,2026-07-22T12:00:00Z,Prospecto automotriz sintético.,CRM-AUTO-023,Formulario demo,El plazo o presupuesto no coincidieron con el inventario.
auto-prospecto-024,Sofía,García,+57 301 610 0024,auto.demo.024@abera.local,1,2026-07-07T12:00:00Z,Formulario web,Cartagena,62200000,126000000,Inmediato,Vehículo usado 0,0,"[vehiculo-025,vehiculo-044]",Sitio web,Nuevo,,Urgente,2026-07-27T12:00:00Z,2026-08-01T12:00:00Z,2026-07-21T12:00:00Z,Prospecto automotriz sintético.,CRM-AUTO-024,Formulario demo,
auto-prospecto-025,Mateo,López,+57 301 610 0025,auto.demo.025@abera.local,1,2026-07-06T12:00:00Z,Sala de ventas,Bucaramanga,62500000,127500000,Menos de 30 días,Vehículo usado 1,1,"[vehiculo-026,vehiculo-045]",Sala de ventas,Contactado,asesor-demo,Baja,2026-07-26T12:00:00Z,2026-08-01T13:00:00Z,2026-07-20T12:00:00Z,Prospecto automotriz sintético.,CRM-AUTO-025,Formulario demo,
auto-prospecto-026,Valentina,Pérez,+57 301 610 0026,auto.demo.026@abera.local,1,2026-07-05T12:00:00Z,WhatsApp,Pereira,62800000,129000000,Entre 1 y 3 meses,Vehículo usado 2,0,"[vehiculo-027,vehiculo-046]",Referido,Calificado,asesora-demo,Media,2026-07-25T12:00:00Z,2026-08-01T14:00:00Z,2026-07-19T12:00:00Z,Prospecto automotriz sintético.,CRM-AUTO-026,Formulario demo,
auto-prospecto-027,Santiago,Torres,+57 301 610 0027,auto.demo.027@abera.local,1,2026-07-04T12:00:00Z,Telefónica,Manizales,63100000,130500000,Más de 3 meses,Vehículo usado 3,1,"[vehiculo-028,vehiculo-047]",Redes sociales,Prueba de manejo,asesor-demo,Media,2026-07-24T12:00:00Z,2026-08-01T15:00:00Z,2026-07-18T12:00:00Z,Prospecto automotriz sintético.,CRM-AUTO-027,Formulario demo,
auto-prospecto-028,Mariana,García,+57 301 610 0028,auto.demo.028@abera.local,1,2026-07-03T12:00:00Z,Formulario web,Ibagué,63400000,132000000,Inmediato,Vehículo usado 4,0,"[vehiculo-029,vehiculo-048]",Sitio web,Cotización,asesora-demo,Alta,2026-07-23T12:00:00Z,2026-08-01T16:00:00Z,2026-07-31T12:00:00Z,Prospecto automotriz sintético.,CRM-AUTO-028,Formulario demo,
auto-prospecto-029,Sebastián,López,+57 301 610 0029,auto.demo.029@abera.local,1,2026-07-02T12:00:00Z,Sala de ventas,Villavicencio,63700000,133500000,Menos de 30 días,Vehículo usado 5,1,"[vehiculo-030,vehiculo-049]",Sala de ventas,Negociación,asesor-demo,Urgente,2026-07-22T12:00:00Z,2026-08-01T17:00:00Z,2026-07-30T12:00:00Z,Prospecto automotriz sintético.,CRM-AUTO-029,Formulario demo,
auto-prospecto-030,Isabella,Pérez,+57 301 610 0030,auto.demo.030@abera.local,1,2026-07-01T12:00:00Z,WhatsApp,Bogotá,64000000,135000000,Entre 1 y 3 meses,Vehículo usado 6,0,"[vehiculo-031,vehiculo-050]",Referido,Vendido,asesora-demo,Baja,2026-07-21T12:00:00Z,2026-08-01T18:00:00Z,2026-07-29T12:00:00Z,Prospecto automotriz sintético.,CRM-AUTO-030,Formulario demo,
auto-prospecto-031,Nicolás,Torres,+57 301 610 0031,auto.demo.031@abera.local,1,2026-06-30T12:00:00Z,Telefónica,Medellín,64300000,136500000,Más de 3 meses,Vehículo usado 7,1,"[vehiculo-032,vehiculo-051]",Redes sociales,Perdido,asesor-demo,Media,2026-07-20T12:00:00Z,2026-08-01T19:00:00Z,2026-07-28T12:00:00Z,Prospecto automotriz sintético.,CRM-AUTO-031,Formulario demo,El plazo o presupuesto no coincidieron con el inventario.
auto-prospecto-032,Gabriela,García,+57 301 610 0032,auto.demo.032@abera.local,1,2026-06-29T12:00:00Z,Formulario web,Cali,64600000,138000000,Inmediato,Vehículo usado 8,0,"[vehiculo-033,vehiculo-052]",Sitio web,Nuevo,asesora-demo,Media,2026-07-19T12:00:00Z,2026-08-01T20:00:00Z,2026-07-27T12:00:00Z,Prospecto automotriz sintético.,CRM-AUTO-032,Formulario demo,
auto-prospecto-033,Samuel,López,+57 301 610 0033,auto.demo.033@abera.local,1,2026-06-28T12:00:00Z,Sala de ventas,Barranquilla,64900000,139500000,Menos de 30 días,Vehículo usado 9,1,"[vehiculo-034,vehiculo-053]",Sala de ventas,Contactado,asesor-demo,Alta,2026-07-18T12:00:00Z,2026-08-01T21:00:00Z,2026-07-26T12:00:00Z,Prospecto automotriz sintético.,CRM-AUTO-033,Formulario demo,
auto-prospecto-034,Laura,Pérez,+57 301 610 0034,auto.demo.034@abera.local,1,2026-06-27T12:00:00Z,WhatsApp,Cartagena,65200000,141000000,Entre 1 y 3 meses,Vehículo usado 10,0,"[vehiculo-035,vehiculo-054]",Referido,Calificado,asesora-demo,Urgente,2026-07-17T12:00:00Z,2026-08-01T22:00:00Z,2026-07-25T12:00:00Z,Prospecto automotriz sintético.,CRM-AUTO-034,Formulario demo,
auto-prospecto-035,Daniel,Torres,+57 301 610 0035,auto.demo.035@abera.local,1,2026-06-26T12:00:00Z,Telefónica,Bucaramanga,65500000,142500000,Más de 3 meses,Vehículo usado 11,1,"[vehiculo-036,vehiculo-055]",Redes sociales,Prueba de manejo,asesor-demo,Baja,2026-07-16T12:00:00Z,2026-08-01T23:00:00Z,2026-07-24T12:00:00Z,Prospecto automotriz sintético.,CRM-AUTO-035,Formulario demo,
auto-prospecto-036,Sofía,García,+57 301 610 0036,auto.demo.036@abera.local,1,2026-06-25T12:00:00Z,Formulario web,Pereira,65800000,144000000,Inmediato,Vehículo usado 0,0,"[vehiculo-037,vehiculo-056]",Sitio web,Cotización,,Media,2026-07-15T12:00:00Z,2026-08-02T00:00:00Z,2026-07-23T12:00:00Z,Prospecto automotriz sintético.,CRM-AUTO-036,Formulario demo,
auto-prospecto-037,Mateo,López,+57 301 610 0037,auto.demo.037@abera.local,1,2026-06-24T12:00:00Z,Sala de ventas,Manizales,66100000,145500000,Menos de 30 días,Vehículo usado 1,1,"[vehiculo-038,vehiculo-057]",Sala de ventas,Negociación,asesor-demo,Media,2026-07-14T12:00:00Z,2026-08-02T01:00:00Z,2026-07-22T12:00:00Z,Prospecto automotriz sintético.,CRM-AUTO-037,Formulario demo,
auto-prospecto-038,Valentina,Pérez,+57 301 610 0038,auto.demo.038@abera.local,1,2026-06-23T12:00:00Z,WhatsApp,Ibagué,66400000,147000000,Entre 1 y 3 meses,Vehículo usado 2,0,"[vehiculo-039,vehiculo-058]",Referido,Vendido,asesora-demo,Alta,2026-07-13T12:00:00Z,2026-08-02T02:00:00Z,2026-07-21T12:00:00Z,Prospecto automotriz sintético.,CRM-AUTO-038,Formulario demo,
auto-prospecto-039,Santiago,Torres,+57 301 610 0039,auto.demo.039@abera.local,1,2026-06-22T12:00:00Z,Telefónica,Villavicencio,66700000,148500000,Más de 3 meses,Vehículo usado 3,1,"[vehiculo-040,vehiculo-059]",Redes sociales,Perdido,asesor-demo,Urgente,2026-07-12T12:00:00Z,2026-08-02T03:00:00Z,2026-07-20T12:00:00Z,Prospecto automotriz sintético.,CRM-AUTO-039,Formulario demo,El plazo o presupuesto no coincidieron con el inventario.
auto-prospecto-040,Mariana,García,+57 301 610 0040,auto.demo.040@abera.local,1,2026-06-21T12:00:00Z,Formulario web,Bogotá,67000000,150000000,Inmediato,Vehículo usado 4,0,"[vehiculo-041,vehiculo-060]",Sitio web,Nuevo,asesora-demo,Baja,2026-07-31T12:00:00Z,2026-08-02T04:00:00Z,2026-07-19T12:00:00Z,Prospecto automotriz sintético.,CRM-AUTO-040,Formulario demo,
auto-prospecto-041,Sebastián,López,+57 301 610 0041,auto.demo.041@abera.local,1,2026-06-20T12:00:00Z,Sala de ventas,Medellín,67300000,151500000,Menos de 30 días,Vehículo usado 5,1,"[vehiculo-042,vehiculo-061]",Sala de ventas,Contactado,asesor-demo,Media,2026-07-30T12:00:00Z,2026-08-02T05:00:00Z,2026-07-18T12:00:00Z,Prospecto automotriz sintético.,CRM-AUTO-041,Formulario demo,
auto-prospecto-042,Isabella,Pérez,+57 301 610 0042,auto.demo.042@abera.local,1,2026-06-19T12:00:00Z,WhatsApp,Cali,67600000,153000000,Entre 1 y 3 meses,Vehículo usado 6,0,"[vehiculo-043,vehiculo-062]",Referido,Calificado,asesora-demo,Media,2026-07-29T12:00:00Z,2026-08-02T06:00:00Z,2026-07-31T12:00:00Z,Prospecto automotriz sintético.,CRM-AUTO-042,Formulario demo,
auto-prospecto-043,Nicolás,Torres,+57 301 610 0043,auto.demo.043@abera.local,1,2026-06-18T12:00:00Z,Telefónica,Barranquilla,67900000,154500000,Más de 3 meses,Vehículo usado 7,1,"[vehiculo-044,vehiculo-063]",Redes sociales,Prueba de manejo,asesor-demo,Alta,2026-07-28T12:00:00Z,2026-08-02T07:00:00Z,2026-07-30T12:00:00Z,Prospecto automotriz sintético.,CRM-AUTO-043,Formulario demo,
auto-prospecto-044,Gabriela,García,+57 301 610 0044,auto.demo.044@abera.local,1,2026-06-17T12:00:00Z,Formulario web,Cartagena,68200000,156000000,Inmediato,Vehículo usado 8,0,"[vehiculo-045,vehiculo-064]",Sitio web,Cotización,asesora-demo,Urgente,2026-07-27T12:00:00Z,2026-08-02T08:00:00Z,2026-07-29T12:00:00Z,Prospecto automotriz sintético.,CRM-AUTO-044,Formulario demo,
auto-prospecto-045,Samuel,López,+57 301 610 0045,auto.demo.045@abera.local,1,2026-06-16T12:00:00Z,Sala de ventas,Bucaramanga,68500000,157500000,Menos de 30 días,Vehículo usado 9,1,"[vehiculo-046,vehiculo-065]",Sala de ventas,Negociación,asesor-demo,Baja,2026-07-26T12:00:00Z,2026-08-02T09:00:00Z,2026-07-28T12:00:00Z,Prospecto automotriz sintético.,CRM-AUTO-045,Formulario demo,
auto-prospecto-046,Laura,Pérez,+57 301 610 0046,auto.demo.046@abera.local,1,2026-06-15T12:00:00Z,WhatsApp,Pereira,68800000,159000000,Entre 1 y 3 meses,Vehículo usado 10,0,"[vehiculo-047,vehiculo-066]",Referido,Vendido,asesora-demo,Media,2026-07-25T12:00:00Z,2026-08-02T10:00:00Z,2026-07-27T12:00:00Z,Prospecto automotriz sintético.,CRM-AUTO-046,Formulario demo,
auto-prospecto-047,Daniel,Torres,+57 301 610 0047,auto.demo.047@abera.local,1,2026-06-14T12:00:00Z,Telefónica,Manizales,69100000,160500000,Más de 3 meses,Vehículo usado 11,1,"[vehiculo-048,vehiculo-067]",Redes sociales,Perdido,asesor-demo,Media,2026-07-24T12:00:00Z,2026-08-02T11:00:00Z,2026-07-26T12:00:00Z,Prospecto automotriz sintético.,CRM-AUTO-047,Formulario demo,El plazo o presupuesto no coincidieron con el inventario.
auto-prospecto-048,Sofía,García,+57 301 610 0048,auto.demo.048@abera.local,1,2026-06-13T12:00:00Z,Formulario web,Ibagué,69400000,162000000,Inmediato,Vehículo usado 0,0,"[vehiculo-049,vehiculo-068]",Sitio web,Nuevo,,Alta,2026-07-23T12:00:00Z,2026-08-02T12:00:00Z,2026-07-25T12:00:00Z,Prospecto automotriz sintético.,CRM-AUTO-048,Formulario demo,
auto-prospecto-049,Mateo,López,+57 301 610 0049,auto.demo.049@abera.local,1,2026-06-12T12:00:00Z,Sala de ventas,Villavicencio,69700000,163500000,Menos de 30 días,Vehículo usado 1,1,"[vehiculo-050,vehiculo-069]",Sala de ventas,Contactado,asesor-demo,Urgente,2026-07-22T12:00:00Z,2026-08-02T13:00:00Z,2026-07-24T12:00:00Z,Prospecto automotriz sintético.,CRM-AUTO-049,Formulario demo,
auto-prospecto-050,Valentina,Pérez,+57 301 610 0050,auto.demo.050@abera.local,1,2026-06-11T12:00:00Z,WhatsApp,Bogotá,70000000,165000000,Entre 1 y 3 meses,Vehículo usado 2,0,"[vehiculo-051,vehiculo-070]",Referido,Calificado,asesora-demo,Baja,2026-07-21T12:00:00Z,2026-08-02T14:00:00Z,2026-07-23T12:00:00Z,Prospecto automotriz sintético.,CRM-AUTO-050,Formulario demo,
auto-prospecto-051,Santiago,Torres,+57 301 610 0051,auto.demo.051@abera.local,1,2026-06-10T12:00:00Z,Telefónica,Medellín,70300000,166500000,Más de 3 meses,Vehículo usado 3,1,"[vehiculo-052,vehiculo-071]",Redes sociales,Prueba de manejo,asesor-demo,Media,2026-07-20T12:00:00Z,2026-08-02T15:00:00Z,2026-07-22T12:00:00Z,Prospecto automotriz sintético.,CRM-AUTO-051,Formulario demo,
auto-prospecto-052,Mariana,García,+57 301 610 0052,auto.demo.052@abera.local,1,2026-06-09T12:00:00Z,Formulario web,Cali,70600000,168000000,Inmediato,Vehículo usado 4,0,"[vehiculo-053,vehiculo-072]",Sitio web,Cotización,asesora-demo,Media,2026-07-19T12:00:00Z,2026-08-02T16:00:00Z,2026-07-21T12:00:00Z,Prospecto automotriz sintético.,CRM-AUTO-052,Formulario demo,
auto-prospecto-053,Sebastián,López,+57 301 610 0053,auto.demo.053@abera.local,1,2026-06-08T12:00:00Z,Sala de ventas,Barranquilla,70900000,169500000,Menos de 30 días,Vehículo usado 5,1,"[vehiculo-054,vehiculo-073]",Sala de ventas,Negociación,asesor-demo,Alta,2026-07-18T12:00:00Z,2026-08-02T17:00:00Z,2026-07-20T12:00:00Z,Prospecto automotriz sintético.,CRM-AUTO-053,Formulario demo,
auto-prospecto-054,Isabella,Pérez,+57 301 610 0054,auto.demo.054@abera.local,1,2026-06-07T12:00:00Z,WhatsApp,Cartagena,71200000,171000000,Entre 1 y 3 meses,Vehículo usado 6,0,"[vehiculo-055,vehiculo-074]",Referido,Vendido,asesora-demo,Urgente,2026-07-17T12:00:00Z,2026-08-02T18:00:00Z,2026-07-19T12:00:00Z,Prospecto automotriz sintético.,CRM-AUTO-054,Formulario demo,
auto-prospecto-055,Nicolás,Torres,+57 301 610 0055,auto.demo.055@abera.local,1,2026-06-06T12:00:00Z,Telefónica,Bucaramanga,71500000,172500000,Más de 3 meses,Vehículo usado 7,1,"[vehiculo-056,vehiculo-075]",Redes sociales,Perdido,asesor-demo,Baja,2026-07-16T12:00:00Z,2026-08-02T19:00:00Z,2026-07-18T12:00:00Z,Prospecto automotriz sintético.,CRM-AUTO-055,Formulario demo,El plazo o presupuesto no coincidieron con el inventario.
auto-prospecto-056,Gabriela,García,+57 301 610 0056,auto.demo.056@abera.local,1,2026-06-05T12:00:00Z,Formulario web,Pereira,71800000,174000000,Inmediato,Vehículo usado 8,0,"[vehiculo-057,vehiculo-076]",Sitio web,Nuevo,asesora-demo,Media,2026-07-15T12:00:00Z,2026-08-02T20:00:00Z,2026-07-31T12:00:00Z,Prospecto automotriz sintético.,CRM-AUTO-056,Formulario demo,
auto-prospecto-057,Samuel,López,+57 301 610 0057,auto.demo.057@abera.local,1,2026-06-04T12:00:00Z,Sala de ventas,Manizales,72100000,175500000,Menos de 30 días,Vehículo usado 9,1,"[vehiculo-058,vehiculo-077]",Sala de ventas,Contactado,asesor-demo,Media,2026-07-14T12:00:00Z,2026-08-02T21:00:00Z,2026-07-30T12:00:00Z,Prospecto automotriz sintético.,CRM-AUTO-057,Formulario demo,
auto-prospecto-058,Laura,Pérez,+57 301 610 0058,auto.demo.058@abera.local,1,2026-06-03T12:00:00Z,WhatsApp,Ibagué,72400000,177000000,Entre 1 y 3 meses,Vehículo usado 10,0,"[vehiculo-059,vehiculo-078]",Referido,Calificado,asesora-demo,Alta,2026-07-13T12:00:00Z,2026-08-02T22:00:00Z,2026-07-29T12:00:00Z,Prospecto automotriz sintético.,CRM-AUTO-058,Formulario demo,
auto-prospecto-059,Daniel,Torres,+57 301 610 0059,auto.demo.059@abera.local,1,2026-06-02T12:00:00Z,Telefónica,Villavicencio,72700000,178500000,Más de 3 meses,Vehículo usado 11,1,"[vehiculo-060,vehiculo-079]",Redes sociales,Prueba de manejo,asesor-demo,Urgente,2026-07-12T12:00:00Z,2026-08-02T23:00:00Z,2026-07-28T12:00:00Z,Prospecto automotriz sintético.,CRM-AUTO-059,Formulario demo,
auto-prospecto-060,Sofía,García,+57 301 610 0060,auto.demo.060@abera.local,1,2026-07-31T12:00:00Z,Formulario web,Bogotá,73000000,180000000,Inmediato,Vehículo usado 0,0,"[vehiculo-061,vehiculo-080]",Sitio web,Cotización,,Baja,2026-07-31T12:00:00Z,2026-08-03T00:00:00Z,2026-07-27T12:00:00Z,Prospecto automotriz sintético.,CRM-AUTO-060,Formulario demo,
auto-prospecto-061,Mateo,López,+57 301 610 0061,auto.demo.061@abera.local,1,2026-07-30T12:00:00Z,Sala de ventas,Medellín,73300000,181500000,Menos de 30 días,Vehículo usado 1,1,"[vehiculo-062,vehiculo-081]",Sala de ventas,Negociación,asesor-demo,Media,2026-07-30T12:00:00Z,2026-08-03T01:00:00Z,2026-07-26T12:00:00Z,Prospecto automotriz sintético.,CRM-AUTO-061,Formulario demo,
auto-prospecto-062,Valentina,Pérez,+57 301 610 0062,auto.demo.062@abera.local,1,2026-07-29T12:00:00Z,WhatsApp,Cali,73600000,183000000,Entre 1 y 3 meses,Vehículo usado 2,0,"[vehiculo-063,vehiculo-082]",Referido,Vendido,asesora-demo,Media,2026-07-29T12:00:00Z,2026-08-03T02:00:00Z,2026-07-25T12:00:00Z,Prospecto automotriz sintético.,CRM-AUTO-062,Formulario demo,
auto-prospecto-063,Santiago,Torres,+57 301 610 0063,auto.demo.063@abera.local,1,2026-07-28T12:00:00Z,Telefónica,Barranquilla,73900000,184500000,Más de 3 meses,Vehículo usado 3,1,"[vehiculo-064,vehiculo-083]",Redes sociales,Perdido,asesor-demo,Alta,2026-07-28T12:00:00Z,2026-08-03T03:00:00Z,2026-07-24T12:00:00Z,Prospecto automotriz sintético.,CRM-AUTO-063,Formulario demo,El plazo o presupuesto no coincidieron con el inventario.
auto-prospecto-064,Mariana,García,+57 301 610 0064,auto.demo.064@abera.local,1,2026-07-27T12:00:00Z,Formulario web,Cartagena,74200000,186000000,Inmediato,Vehículo usado 4,0,"[vehiculo-065,vehiculo-084]",Sitio web,Nuevo,asesora-demo,Urgente,2026-07-27T12:00:00Z,2026-08-03T04:00:00Z,2026-07-23T12:00:00Z,Prospecto automotriz sintético.,CRM-AUTO-064,Formulario demo,
auto-prospecto-065,Sebastián,López,+57 301 610 0065,auto.demo.065@abera.local,1,2026-07-26T12:00:00Z,Sala de ventas,Bucaramanga,74500000,187500000,Menos de 30 días,Vehículo usado 5,1,"[vehiculo-066,vehiculo-085]",Sala de ventas,Contactado,asesor-demo,Baja,2026-07-26T12:00:00Z,2026-08-03T05:00:00Z,2026-07-22T12:00:00Z,Prospecto automotriz sintético.,CRM-AUTO-065,Formulario demo,
auto-prospecto-066,Isabella,Pérez,+57 301 610 0066,auto.demo.066@abera.local,1,2026-07-25T12:00:00Z,WhatsApp,Pereira,74800000,189000000,Entre 1 y 3 meses,Vehículo usado 6,0,"[vehiculo-067,vehiculo-086]",Referido,Calificado,asesora-demo,Media,2026-07-25T12:00:00Z,2026-08-03T06:00:00Z,2026-07-21T12:00:00Z,Prospecto automotriz sintético.,CRM-AUTO-066,Formulario demo,
auto-prospecto-067,Nicolás,Torres,+57 301 610 0067,auto.demo.067@abera.local,1,2026-07-24T12:00:00Z,Telefónica,Manizales,75100000,190500000,Más de 3 meses,Vehículo usado 7,1,"[vehiculo-068,vehiculo-087]",Redes sociales,Prueba de manejo,asesor-demo,Media,2026-07-24T12:00:00Z,2026-08-03T07:00:00Z,2026-07-20T12:00:00Z,Prospecto automotriz sintético.,CRM-AUTO-067,Formulario demo,
auto-prospecto-068,Gabriela,García,+57 301 610 0068,auto.demo.068@abera.local,1,2026-07-23T12:00:00Z,Formulario web,Ibagué,75400000,192000000,Inmediato,Vehículo usado 8,0,"[vehiculo-069,vehiculo-088]",Sitio web,Cotización,asesora-demo,Alta,2026-07-23T12:00:00Z,2026-08-03T08:00:00Z,2026-07-19T12:00:00Z,Prospecto automotriz sintético.,CRM-AUTO-068,Formulario demo,
auto-prospecto-069,Samuel,López,+57 301 610 0069,auto.demo.069@abera.local,1,2026-07-22T12:00:00Z,Sala de ventas,Villavicencio,75700000,193500000,Menos de 30 días,Vehículo usado 9,1,"[vehiculo-070,vehiculo-089]",Sala de ventas,Negociación,asesor-demo,Urgente,2026-07-22T12:00:00Z,2026-08-03T09:00:00Z,2026-07-18T12:00:00Z,Prospecto automotriz sintético.,CRM-AUTO-069,Formulario demo,
auto-prospecto-070,Laura,Pérez,+57 301 610 0070,auto.demo.070@abera.local,1,2026-07-21T12:00:00Z,WhatsApp,Bogotá,76000000,195000000,Entre 1 y 3 meses,Vehículo usado 10,0,"[vehiculo-071,vehiculo-090]",Referido,Vendido,asesora-demo,Baja,2026-07-21T12:00:00Z,2026-08-03T10:00:00Z,2026-07-31T12:00:00Z,Prospecto automotriz sintético.,CRM-AUTO-070,Formulario demo,
auto-prospecto-071,Daniel,Torres,+57 301 610 0071,auto.demo.071@abera.local,1,2026-07-20T12:00:00Z,Telefónica,Medellín,76300000,196500000,Más de 3 meses,Vehículo usado 11,1,"[vehiculo-072,vehiculo-091]",Redes sociales,Perdido,asesor-demo,Media,2026-07-20T12:00:00Z,2026-08-03T11:00:00Z,2026-07-30T12:00:00Z,Prospecto automotriz sintético.,CRM-AUTO-071,Formulario demo,El plazo o presupuesto no coincidieron con el inventario.
auto-prospecto-072,Sofía,García,+57 301 610 0072,auto.demo.072@abera.local,1,2026-07-19T12:00:00Z,Formulario web,Cali,76600000,198000000,Inmediato,Vehículo usado 0,0,"[vehiculo-073,vehiculo-092]",Sitio web,Nuevo,,Media,2026-07-19T12:00:00Z,2026-08-03T12:00:00Z,2026-07-29T12:00:00Z,Prospecto automotriz sintético.,CRM-AUTO-072,Formulario demo,
auto-prospecto-073,Mateo,López,+57 301 610 0073,auto.demo.073@abera.local,1,2026-07-18T12:00:00Z,Sala de ventas,Barranquilla,76900000,199500000,Menos de 30 días,Vehículo usado 1,1,"[vehiculo-074,vehiculo-093]",Sala de ventas,Contactado,asesor-demo,Alta,2026-07-18T12:00:00Z,2026-08-03T13:00:00Z,2026-07-28T12:00:00Z,Prospecto automotriz sintético.,CRM-AUTO-073,Formulario demo,
auto-prospecto-074,Valentina,Pérez,+57 301 610 0074,auto.demo.074@abera.local,1,2026-07-17T12:00:00Z,WhatsApp,Cartagena,77200000,201000000,Entre 1 y 3 meses,Vehículo usado 2,0,"[vehiculo-075,vehiculo-094]",Referido,Calificado,asesora-demo,Urgente,2026-07-17T12:00:00Z,2026-08-03T14:00:00Z,2026-07-27T12:00:00Z,Prospecto automotriz sintético.,CRM-AUTO-074,Formulario demo,
auto-prospecto-075,Santiago,Torres,+57 301 610 0075,auto.demo.075@abera.local,1,2026-07-16T12:00:00Z,Telefónica,Bucaramanga,77500000,202500000,Más de 3 meses,Vehículo usado 3,1,"[vehiculo-076,vehiculo-095]",Redes sociales,Prueba de manejo,asesor-demo,Baja,2026-07-16T12:00:00Z,2026-08-03T15:00:00Z,2026-07-26T12:00:00Z,Prospecto automotriz sintético.,CRM-AUTO-075,Formulario demo,
auto-prospecto-076,Mariana,García,+57 301 610 0076,auto.demo.076@abera.local,1,2026-07-15T12:00:00Z,Formulario web,Pereira,77800000,204000000,Inmediato,Vehículo usado 4,0,"[vehiculo-077,vehiculo-096]",Sitio web,Cotización,asesora-demo,Media,2026-07-15T12:00:00Z,2026-08-03T16:00:00Z,2026-07-25T12:00:00Z,Prospecto automotriz sintético.,CRM-AUTO-076,Formulario demo,
auto-prospecto-077,Sebastián,López,+57 301 610 0077,auto.demo.077@abera.local,1,2026-07-14T12:00:00Z,Sala de ventas,Manizales,78100000,205500000,Menos de 30 días,Vehículo usado 5,1,"[vehiculo-078,vehiculo-097]",Sala de ventas,Negociación,asesor-demo,Media,2026-07-14T12:00:00Z,2026-08-03T17:00:00Z,2026-07-24T12:00:00Z,Prospecto automotriz sintético.,CRM-AUTO-077,Formulario demo,
auto-prospecto-078,Isabella,Pérez,+57 301 610 0078,auto.demo.078@abera.local,1,2026-07-13T12:00:00Z,WhatsApp,Ibagué,78400000,207000000,Entre 1 y 3 meses,Vehículo usado 6,0,"[vehiculo-079,vehiculo-098]",Referido,Vendido,asesora-demo,Alta,2026-07-13T12:00:00Z,2026-08-03T18:00:00Z,2026-07-23T12:00:00Z,Prospecto automotriz sintético.,CRM-AUTO-078,Formulario demo,
auto-prospecto-079,Nicolás,Torres,+57 301 610 0079,auto.demo.079@abera.local,1,2026-07-12T12:00:00Z,Telefónica,Villavicencio,78700000,208500000,Más de 3 meses,Vehículo usado 7,1,"[vehiculo-080,vehiculo-099]",Redes sociales,Perdido,asesor-demo,Urgente,2026-07-12T12:00:00Z,2026-08-03T19:00:00Z,2026-07-22T12:00:00Z,Prospecto automotriz sintético.,CRM-AUTO-079,Formulario demo,El plazo o presupuesto no coincidieron con el inventario.
auto-prospecto-080,Gabriela,García,+57 301 610 0080,auto.demo.080@abera.local,1,2026-07-11T12:00:00Z,Formulario web,Bogotá,79000000,210000000,Inmediato,Vehículo usado 8,0,"[vehiculo-081,vehiculo-100]",Sitio web,Nuevo,asesora-demo,Baja,2026-07-31T12:00:00Z,2026-08-03T20:00:00Z,2026-07-21T12:00:00Z,Prospecto automotriz sintético.,CRM-AUTO-080,Formulario demo,
auto-prospecto-081,Samuel,López,+57 301 610 0081,auto.demo.081@abera.local,1,2026-07-10T12:00:00Z,Sala de ventas,Medellín,79300000,211500000,Menos de 30 días,Vehículo usado 9,1,"[vehiculo-082,vehiculo-001]",Sala de ventas,Contactado,asesor-demo,Media,2026-07-30T12:00:00Z,2026-08-03T21:00:00Z,2026-07-20T12:00:00Z,Prospecto automotriz sintético.,CRM-AUTO-081,Formulario demo,
auto-prospecto-082,Laura,Pérez,+57 301 610 0082,auto.demo.082@abera.local,1,2026-07-09T12:00:00Z,WhatsApp,Cali,79600000,213000000,Entre 1 y 3 meses,Vehículo usado 10,0,"[vehiculo-083,vehiculo-002]",Referido,Calificado,asesora-demo,Media,2026-07-29T12:00:00Z,2026-08-03T22:00:00Z,2026-07-19T12:00:00Z,Prospecto automotriz sintético.,CRM-AUTO-082,Formulario demo,
auto-prospecto-083,Daniel,Torres,+57 301 610 0083,auto.demo.083@abera.local,1,2026-07-08T12:00:00Z,Telefónica,Barranquilla,79900000,214500000,Más de 3 meses,Vehículo usado 11,1,"[vehiculo-084,vehiculo-003]",Redes sociales,Prueba de manejo,asesor-demo,Alta,2026-07-28T12:00:00Z,2026-08-03T23:00:00Z,2026-07-18T12:00:00Z,Prospecto automotriz sintético.,CRM-AUTO-083,Formulario demo,
auto-prospecto-084,Sofía,García,+57 301 610 0084,auto.demo.084@abera.local,1,2026-07-07T12:00:00Z,Formulario web,Cartagena,80200000,216000000,Inmediato,Vehículo usado 0,0,"[vehiculo-085,vehiculo-004]",Sitio web,Cotización,,Urgente,2026-07-27T12:00:00Z,2026-08-04T00:00:00Z,2026-07-31T12:00:00Z,Prospecto automotriz sintético.,CRM-AUTO-084,Formulario demo,
auto-prospecto-085,Mateo,López,+57 301 610 0085,auto.demo.085@abera.local,1,2026-07-06T12:00:00Z,Sala de ventas,Bucaramanga,80500000,217500000,Menos de 30 días,Vehículo usado 1,1,"[vehiculo-086,vehiculo-005]",Sala de ventas,Negociación,asesor-demo,Baja,2026-07-26T12:00:00Z,2026-08-04T01:00:00Z,2026-07-30T12:00:00Z,Prospecto automotriz sintético.,CRM-AUTO-085,Formulario demo,
auto-prospecto-086,Valentina,Pérez,+57 301 610 0086,auto.demo.086@abera.local,1,2026-07-05T12:00:00Z,WhatsApp,Pereira,80800000,219000000,Entre 1 y 3 meses,Vehículo usado 2,0,"[vehiculo-087,vehiculo-006]",Referido,Vendido,asesora-demo,Media,2026-07-25T12:00:00Z,2026-08-04T02:00:00Z,2026-07-29T12:00:00Z,Prospecto automotriz sintético.,CRM-AUTO-086,Formulario demo,
auto-prospecto-087,Santiago,Torres,+57 301 610 0087,auto.demo.087@abera.local,1,2026-07-04T12:00:00Z,Telefónica,Manizales,81100000,220500000,Más de 3 meses,Vehículo usado 3,1,"[vehiculo-088,vehiculo-007]",Redes sociales,Perdido,asesor-demo,Media,2026-07-24T12:00:00Z,2026-08-04T03:00:00Z,2026-07-28T12:00:00Z,Prospecto automotriz sintético.,CRM-AUTO-087,Formulario demo,El plazo o presupuesto no coincidieron con el inventario.
auto-prospecto-088,Mariana,García,+57 301 610 0088,auto.demo.088@abera.local,1,2026-07-03T12:00:00Z,Formulario web,Ibagué,81400000,222000000,Inmediato,Vehículo usado 4,0,"[vehiculo-089,vehiculo-008]",Sitio web,Nuevo,asesora-demo,Alta,2026-07-23T12:00:00Z,2026-08-04T04:00:00Z,2026-07-27T12:00:00Z,Prospecto automotriz sintético.,CRM-AUTO-088,Formulario demo,
auto-prospecto-089,Sebastián,López,+57 301 610 0089,auto.demo.089@abera.local,1,2026-07-02T12:00:00Z,Sala de ventas,Villavicencio,81700000,223500000,Menos de 30 días,Vehículo usado 5,1,"[vehiculo-090,vehiculo-009]",Sala de ventas,Contactado,asesor-demo,Urgente,2026-07-22T12:00:00Z,2026-08-04T05:00:00Z,2026-07-26T12:00:00Z,Prospecto automotriz sintético.,CRM-AUTO-089,Formulario demo,
auto-prospecto-090,Isabella,Pérez,+57 301 610 0090,auto.demo.090@abera.local,1,2026-07-01T12:00:00Z,WhatsApp,Bogotá,82000000,225000000,Entre 1 y 3 meses,Vehículo usado 6,0,"[vehiculo-091,vehiculo-010]",Referido,Calificado,asesora-demo,Baja,2026-07-21T12:00:00Z,2026-08-04T06:00:00Z,2026-07-25T12:00:00Z,Prospecto automotriz sintético.,CRM-AUTO-090,Formulario demo,
auto-prospecto-091,Nicolás,Torres,+57 301 610 0091,auto.demo.091@abera.local,1,2026-06-30T12:00:00Z,Telefónica,Medellín,82300000,226500000,Más de 3 meses,Vehículo usado 7,1,"[vehiculo-092,vehiculo-011]",Redes sociales,Prueba de manejo,asesor-demo,Media,2026-07-20T12:00:00Z,2026-08-04T07:00:00Z,2026-07-24T12:00:00Z,Prospecto automotriz sintético.,CRM-AUTO-091,Formulario demo,
auto-prospecto-092,Gabriela,García,+57 301 610 0092,auto.demo.092@abera.local,1,2026-06-29T12:00:00Z,Formulario web,Cali,82600000,228000000,Inmediato,Vehículo usado 8,0,"[vehiculo-093,vehiculo-012]",Sitio web,Cotización,asesora-demo,Media,2026-07-19T12:00:00Z,2026-08-04T08:00:00Z,2026-07-23T12:00:00Z,Prospecto automotriz sintético.,CRM-AUTO-092,Formulario demo,
auto-prospecto-093,Samuel,López,+57 301 610 0093,auto.demo.093@abera.local,1,2026-06-28T12:00:00Z,Sala de ventas,Barranquilla,82900000,229500000,Menos de 30 días,Vehículo usado 9,1,"[vehiculo-094,vehiculo-013]",Sala de ventas,Negociación,asesor-demo,Alta,2026-07-18T12:00:00Z,2026-08-04T09:00:00Z,2026-07-22T12:00:00Z,Prospecto automotriz sintético.,CRM-AUTO-093,Formulario demo,
auto-prospecto-094,Laura,Pérez,+57 301 610 0094,auto.demo.094@abera.local,1,2026-06-27T12:00:00Z,WhatsApp,Cartagena,83200000,231000000,Entre 1 y 3 meses,Vehículo usado 10,0,"[vehiculo-095,vehiculo-014]",Referido,Vendido,asesora-demo,Urgente,2026-07-17T12:00:00Z,2026-08-04T10:00:00Z,2026-07-21T12:00:00Z,Prospecto automotriz sintético.,CRM-AUTO-094,Formulario demo,
auto-prospecto-095,Daniel,Torres,+57 301 610 0095,auto.demo.095@abera.local,1,2026-06-26T12:00:00Z,Telefónica,Bucaramanga,83500000,232500000,Más de 3 meses,Vehículo usado 11,1,"[vehiculo-096,vehiculo-015]",Redes sociales,Perdido,asesor-demo,Baja,2026-07-16T12:00:00Z,2026-08-04T11:00:00Z,2026-07-20T12:00:00Z,Prospecto automotriz sintético.,CRM-AUTO-095,Formulario demo,El plazo o presupuesto no coincidieron con el inventario.
auto-prospecto-096,Sofía,García,+57 301 610 0096,auto.demo.096@abera.local,1,2026-06-25T12:00:00Z,Formulario web,Pereira,83800000,234000000,Inmediato,Vehículo usado 0,0,"[vehiculo-097,vehiculo-016]",Sitio web,Nuevo,,Media,2026-07-15T12:00:00Z,2026-07-31T12:00:00Z,2026-07-19T12:00:00Z,Prospecto automotriz sintético.,CRM-AUTO-096,Formulario demo,
auto-prospecto-097,Mateo,López,+57 301 610 0097,auto.demo.097@abera.local,1,2026-06-24T12:00:00Z,Sala de ventas,Manizales,84100000,235500000,Menos de 30 días,Vehículo usado 1,1,"[vehiculo-098,vehiculo-017]",Sala de ventas,Contactado,asesor-demo,Media,2026-07-14T12:00:00Z,2026-07-31T13:00:00Z,2026-07-18T12:00:00Z,Prospecto automotriz sintético.,CRM-AUTO-097,Formulario demo,
auto-prospecto-098,Valentina,Pérez,+57 301 610 0098,auto.demo.098@abera.local,1,2026-06-23T12:00:00Z,WhatsApp,Ibagué,84400000,237000000,Entre 1 y 3 meses,Vehículo usado 2,0,"[vehiculo-099,vehiculo-018]",Referido,Calificado,asesora-demo,Alta,2026-07-13T12:00:00Z,2026-07-31T14:00:00Z,2026-07-31T12:00:00Z,Prospecto automotriz sintético.,CRM-AUTO-098,Formulario demo,
auto-prospecto-099,Santiago,Torres,+57 301 610 0099,auto.demo.099@abera.local,1,2026-06-22T12:00:00Z,Telefónica,Villavicencio,84700000,238500000,Más de 3 meses,Vehículo usado 3,1,"[vehiculo-100,vehiculo-019]",Redes sociales,Prueba de manejo,asesor-demo,Urgente,2026-07-12T12:00:00Z,2026-07-31T15:00:00Z,2026-07-30T12:00:00Z,Prospecto automotriz sintético.,CRM-AUTO-099,Formulario demo,
auto-prospecto-100,Mariana,García,+57 301 610 0100,auto.demo.100@abera.local,1,2026-06-21T12:00:00Z,Formulario web,Bogotá,85000000,240000000,Inmediato,Vehículo usado 4,0,"[vehiculo-001,vehiculo-020]",Sitio web,Cotización,asesora-demo,Baja,2026-07-31T12:00:00Z,2026-07-31T16:00:00Z,2026-07-29T12:00:00Z,Prospecto automotriz sintético.,CRM-AUTO-100,Formulario demo,
