ID,nombres,apellidos,identificacion,telefonoPrincipal,telefonoAlterno,correo,ciudad,autorizaTratamientoDatos,fechaAutorizacion,origenAutorizacion,autorizaContacto,canalesAutorizados,rneConsultado,fechaConsultaRNE,noLlamar,productoInteres,presupuesto,estadoComercial,responsable,prioridad,totalIntentos,proximaLlamada,ultimaGestion,notas,externalID,proveedorExterno,estadoIntegracion,motivoNoContactar
contacto-001,Mateo,López,CC00000001,+57 305 650 0001,+57 315 750 0001,contacto.demo.001@abera.local,Medellín,1,2026-07-30T12:00:00Z,Telefónica,true,"[Llamada,WhatsApp]",1,2026-07-30T12:00:00Z,false,Plan Premium,642000,Intentado,agente-demo,Media,1,2026-07-31T13:00:00Z,2026-07-31T11:00:00Z,Contacto sintético para televentas.,DIALER-CON-001,Marcador demo,Local,
contacto-002,Valentina,Pérez,CC00000002,+57 305 650 0002,+57 315 750 0002,contacto.demo.002@abera.local,Cali,1,2026-07-29T12:00:00Z,Presencial,true,"[Llamada,WhatsApp]",1,2026-07-29T12:00:00Z,false,Servicio Empresarial,684000,Contactado,agente-demo,Alta,2,2026-07-31T14:00:00Z,2026-07-31T10:00:00Z,Contacto sintético para televentas.,DIALER-CON-002,Marcador demo,Local,
contacto-003,Santiago,Torres,CC00000003,+57 305 650 0003,+57 315 750 0003,contacto.demo.003@abera.local,Barranquilla,1,2026-07-28T12:00:00Z,Contrato,true,"[Llamada,Correo]",1,2026-07-28T12:00:00Z,false,Plan Básico,726000,Calificado,agente-demo,Urgente,3,2026-07-31T15:00:00Z,2026-07-31T09:00:00Z,Contacto sintético para televentas.,DIALER-CON-003,Marcador demo,Local,
contacto-004,Mariana,García,CC00000004,+57 305 650 0004,+57 315 750 0004,contacto.demo.004@abera.local,Cartagena,1,2026-07-27T12:00:00Z,Formulario web,true,"[Llamada,WhatsApp]",1,2026-07-27T12:00:00Z,false,Plan Premium,768000,Oportunidad,agente-demo,Baja,4,2026-07-31T16:00:00Z,2026-07-31T08:00:00Z,Contacto sintético para televentas.,DIALER-CON-004,Marcador demo,Local,
contacto-005,Sebastián,López,CC00000005,+57 305 650 0005,+57 315 750 0005,contacto.demo.005@abera.local,Bucaramanga,1,2026-07-26T12:00:00Z,Telefónica,true,"[Llamada,WhatsApp]",1,2026-07-26T12:00:00Z,false,Servicio Empresarial,810000,Venta,agente-demo,Media,5,2026-07-31T17:00:00Z,2026-07-31T07:00:00Z,Contacto sintético para televentas.,DIALER-CON-005,Marcador demo,Local,
contacto-006,Isabella,Pérez,CC00000006,+57 305 650 0006,+57 315 750 0006,contacto.demo.006@abera.local,Pereira,1,2026-07-25T12:00:00Z,Presencial,true,"[Llamada,Correo]",1,2026-07-25T12:00:00Z,false,Plan Básico,852000,No interesado,agente-demo,Alta,0,2026-07-31T18:00:00Z,2026-07-31T06:00:00Z,Contacto sintético para televentas.,DIALER-CON-006,Marcador demo,Local,
contacto-007,Nicolás,Torres,CC00000007,+57 305 650 0007,+57 315 750 0007,contacto.demo.007@abera.local,Manizales,1,2026-07-24T12:00:00Z,Contrato,true,"[Llamada,WhatsApp]",1,2026-07-24T12:00:00Z,false,Plan Premium,894000,Cargado,agente-demo,Urgente,1,2026-07-31T19:00:00Z,2026-07-31T05:00:00Z,Contacto sintético para televentas.,DIALER-CON-007,Marcador demo,Local,
contacto-008,Gabriela,García,CC00000008,+57 305 650 0008,+57 315 750 0008,contacto.demo.008@abera.local,Ibagué,1,2026-07-23T12:00:00Z,Formulario web,true,"[Llamada,WhatsApp]",1,2026-07-23T12:00:00Z,false,Servicio Empresarial,936000,Intentado,agente-demo,Baja,2,2026-07-31T20:00:00Z,2026-07-31T04:00:00Z,Contacto sintético para televentas.,DIALER-CON-008,Marcador demo,Local,
contacto-009,Samuel,López,CC00000009,+57 305 650 0009,+57 315 750 0009,contacto.demo.009@abera.local,Villavicencio,1,2026-07-22T12:00:00Z,Telefónica,true,"[Llamada,Correo]",1,2026-07-22T12:00:00Z,false,Plan Básico,978000,Contactado,agente-demo,Media,3,2026-07-31T21:00:00Z,2026-07-31T03:00:00Z,Contacto sintético para televentas.,DIALER-CON-009,Marcador demo,Local,
contacto-010,Laura,Pérez,CC00000010,+57 305 650 0010,+57 315 750 0010,contacto.demo.010@abera.local,Bogotá,1,2026-07-21T12:00:00Z,Presencial,true,"[Llamada,WhatsApp]",1,2026-07-21T12:00:00Z,false,Plan Premium,1020000,Calificado,agente-demo,Alta,4,2026-07-31T22:00:00Z,2026-07-31T02:00:00Z,Contacto sintético para televentas.,DIALER-CON-010,Marcador demo,Local,
contacto-011,Daniel,Torres,CC00000011,+57 305 650 0011,+57 315 750 0011,contacto.demo.011@abera.local,Medellín,1,2026-07-20T12:00:00Z,Contrato,true,"[Llamada,WhatsApp]",1,2026-07-20T12:00:00Z,false,Servicio Empresarial,1062000,Oportunidad,agente-demo,Urgente,5,2026-07-31T23:00:00Z,2026-07-31T01:00:00Z,Contacto sintético para televentas.,DIALER-CON-011,Marcador demo,Local,
contacto-012,Sofía,García,CC00000012,+57 305 650 0012,+57 315 750 0012,contacto.demo.012@abera.local,Cali,1,2026-07-19T12:00:00Z,Formulario web,true,"[Llamada,Correo]",1,2026-07-19T12:00:00Z,false,Plan Básico,1104000,Venta,agente-demo,Baja,0,2026-08-01T00:00:00Z,2026-07-31T00:00:00Z,Contacto sintético para televentas.,DIALER-CON-012,Marcador demo,Local,
contacto-013,Mateo,López,CC00000013,+57 305 650 0013,+57 315 750 0013,contacto.demo.013@abera.local,Barranquilla,1,2026-07-18T12:00:00Z,Telefónica,true,"[Llamada,WhatsApp]",1,2026-07-18T12:00:00Z,false,Plan Premium,1146000,No interesado,agente-demo,Media,1,2026-08-01T01:00:00Z,2026-07-30T23:00:00Z,Contacto sintético para televentas.,DIALER-CON-013,Marcador demo,Local,
contacto-014,Valentina,Pérez,CC00000014,+57 305 650 0014,+57 315 750 0014,contacto.demo.014@abera.local,Cartagena,1,2026-07-17T12:00:00Z,Presencial,true,"[Llamada,WhatsApp]",1,2026-07-17T12:00:00Z,false,Servicio Empresarial,1188000,Cargado,agente-demo,Alta,2,2026-08-01T02:00:00Z,2026-07-30T22:00:00Z,Contacto sintético para televentas.,DIALER-CON-014,Marcador demo,Local,
contacto-015,Santiago,Torres,CC00000015,+57 305 650 0015,+57 315 750 0015,contacto.demo.015@abera.local,Bucaramanga,1,2026-07-16T12:00:00Z,Contrato,true,"[Llamada,Correo]",1,2026-07-16T12:00:00Z,false,Plan Básico,1230000,Intentado,agente-demo,Urgente,3,2026-08-01T03:00:00Z,2026-07-30T21:00:00Z,Contacto sintético para televentas.,DIALER-CON-015,Marcador demo,Local,
contacto-016,Mariana,García,CC00000016,+57 305 650 0016,+57 315 750 0016,contacto.demo.016@abera.local,Pereira,1,2026-07-15T12:00:00Z,Formulario web,true,"[Llamada,WhatsApp]",1,2026-07-15T12:00:00Z,false,Plan Premium,1272000,Contactado,agente-demo,Baja,4,2026-08-01T04:00:00Z,2026-07-30T20:00:00Z,Contacto sintético para televentas.,DIALER-CON-016,Marcador demo,Local,
contacto-017,Sebastián,López,CC00000017,+57 305 650 0017,+57 315 750 0017,contacto.demo.017@abera.local,Manizales,1,2026-07-14T12:00:00Z,Telefónica,true,"[Llamada,WhatsApp]",1,2026-07-14T12:00:00Z,false,Servicio Empresarial,1314000,Calificado,agente-demo,Media,5,2026-08-01T05:00:00Z,2026-07-30T19:00:00Z,Contacto sintético para televentas.,DIALER-CON-017,Marcador demo,Local,
contacto-018,Isabella,Pérez,CC00000018,+57 305 650 0018,+57 315 750 0018,contacto.demo.018@abera.local,Ibagué,1,2026-07-13T12:00:00Z,Presencial,true,"[Llamada,Correo]",1,2026-07-13T12:00:00Z,false,Plan Básico,1356000,Oportunidad,agente-demo,Alta,0,2026-08-01T06:00:00Z,2026-07-30T18:00:00Z,Contacto sintético para televentas.,DIALER-CON-018,Marcador demo,Local,
contacto-019,Nicolás,Torres,CC00000019,+57 305 650 0019,+57 315 750 0019,contacto.demo.019@abera.local,Villavicencio,1,2026-07-12T12:00:00Z,Contrato,false,"[Llamada,WhatsApp]",1,2026-07-12T12:00:00Z,false,Plan Premium,1398000,Venta,agente-demo,Urgente,1,2026-08-01T07:00:00Z,2026-07-30T17:00:00Z,Contacto sintético para televentas.,DIALER-CON-019,Marcador demo,Local,
contacto-020,Gabriela,García,CC00000020,+57 305 650 0020,+57 315 750 0020,contacto.demo.020@abera.local,Bogotá,1,2026-07-11T12:00:00Z,Formulario web,true,"[Llamada,WhatsApp]",1,2026-07-11T12:00:00Z,false,Servicio Empresarial,1440000,No interesado,agente-demo,Baja,2,2026-08-01T08:00:00Z,2026-07-30T16:00:00Z,Contacto sintético para televentas.,DIALER-CON-020,Marcador demo,Local,
contacto-021,Samuel,López,CC00000021,+57 305 650 0021,+57 315 750 0021,contacto.demo.021@abera.local,Medellín,1,2026-07-10T12:00:00Z,Telefónica,true,"[Llamada,Correo]",1,2026-07-10T12:00:00Z,false,Plan Básico,1482000,Cargado,agente-demo,Media,3,2026-08-01T09:00:00Z,2026-07-30T15:00:00Z,Contacto sintético para televentas.,DIALER-CON-021,Marcador demo,Local,
contacto-022,Laura,Pérez,CC00000022,+57 305 650 0022,+57 315 750 0022,contacto.demo.022@abera.local,Cali,1,2026-07-09T12:00:00Z,Presencial,true,"[Llamada,WhatsApp]",1,2026-07-09T12:00:00Z,false,Plan Premium,1524000,Intentado,agente-demo,Alta,4,2026-08-01T10:00:00Z,2026-07-30T14:00:00Z,Contacto sintético para televentas.,DIALER-CON-022,Marcador demo,Local,
contacto-023,Daniel,Torres,CC00000023,+57 305 650 0023,+57 315 750 0023,contacto.demo.023@abera.local,Barranquilla,1,2026-07-08T12:00:00Z,Contrato,true,"[Llamada,WhatsApp]",1,2026-07-08T12:00:00Z,true,Servicio Empresarial,1566000,Contactado,agente-demo,Urgente,5,2026-08-01T11:00:00Z,2026-07-30T13:00:00Z,Contacto sintético para televentas.,DIALER-CON-023,Marcador demo,Local,Solicitud expresa del titular.
contacto-024,Sofía,García,CC00000024,+57 305 650 0024,+57 315 750 0024,contacto.demo.024@abera.local,Cartagena,1,2026-07-07T12:00:00Z,Formulario web,true,"[Llamada,Correo]",1,2026-07-07T12:00:00Z,false,Plan Básico,1608000,Calificado,agente-demo,Baja,0,2026-08-01T12:00:00Z,2026-07-30T12:00:00Z,Contacto sintético para televentas.,DIALER-CON-024,Marcador demo,Local,
contacto-025,Mateo,López,CC00000025,+57 305 650 0025,+57 315 750 0025,contacto.demo.025@abera.local,Bucaramanga,1,2026-07-06T12:00:00Z,Telefónica,true,"[Llamada,WhatsApp]",1,2026-07-06T12:00:00Z,false,Plan Premium,1650000,Oportunidad,agente-demo,Media,1,2026-08-01T13:00:00Z,2026-07-30T11:00:00Z,Contacto sintético para televentas.,DIALER-CON-025,Marcador demo,Local,
contacto-026,Valentina,Pérez,CC00000026,+57 305 650 0026,+57 315 750 0026,contacto.demo.026@abera.local,Pereira,1,2026-07-05T12:00:00Z,Presencial,true,"[Llamada,WhatsApp]",1,2026-07-05T12:00:00Z,false,Servicio Empresarial,1692000,Venta,agente-demo,Alta,2,2026-08-01T14:00:00Z,2026-07-30T10:00:00Z,Contacto sintético para televentas.,DIALER-CON-026,Marcador demo,Local,
contacto-027,Santiago,Torres,CC00000027,+57 305 650 0027,+57 315 750 0027,contacto.demo.027@abera.local,Manizales,1,2026-07-04T12:00:00Z,Contrato,true,"[Llamada,Correo]",1,2026-07-04T12:00:00Z,false,Plan Básico,1734000,No interesado,agente-demo,Urgente,3,2026-08-01T15:00:00Z,2026-07-30T09:00:00Z,Contacto sintético para televentas.,DIALER-CON-027,Marcador demo,Local,
contacto-028,Mariana,García,CC00000028,+57 305 650 0028,+57 315 750 0028,contacto.demo.028@abera.local,Ibagué,1,2026-07-03T12:00:00Z,Formulario web,true,"[Llamada,WhatsApp]",1,2026-07-03T12:00:00Z,false,Plan Premium,1776000,Cargado,agente-demo,Baja,4,2026-08-01T16:00:00Z,2026-07-30T08:00:00Z,Contacto sintético para televentas.,DIALER-CON-028,Marcador demo,Local,
contacto-029,Sebastián,López,CC00000029,+57 305 650 0029,+57 315 750 0029,contacto.demo.029@abera.local,Villavicencio,1,2026-07-02T12:00:00Z,Telefónica,true,"[Llamada,WhatsApp]",1,2026-07-02T12:00:00Z,false,Servicio Empresarial,1818000,Intentado,agente-demo,Media,5,2026-08-01T17:00:00Z,2026-07-30T07:00:00Z,Contacto sintético para televentas.,DIALER-CON-029,Marcador demo,Local,
contacto-030,Isabella,Pérez,CC00000030,+57 305 650 0030,+57 315 750 0030,contacto.demo.030@abera.local,Bogotá,1,2026-07-01T12:00:00Z,Presencial,true,"[Llamada,Correo]",1,2026-07-31T12:00:00Z,false,Plan Básico,1860000,Contactado,agente-demo,Alta,0,2026-08-01T18:00:00Z,2026-07-30T06:00:00Z,Contacto sintético para televentas.,DIALER-CON-030,Marcador demo,Local,
contacto-031,Nicolás,Torres,CC00000031,+57 305 650 0031,+57 315 750 0031,contacto.demo.031@abera.local,Medellín,1,2026-06-30T12:00:00Z,Contrato,true,"[Llamada,WhatsApp]",1,2026-07-30T12:00:00Z,false,Plan Premium,1902000,Calificado,agente-demo,Urgente,1,2026-08-01T19:00:00Z,2026-07-30T05:00:00Z,Contacto sintético para televentas.,DIALER-CON-031,Marcador demo,Local,
contacto-032,Gabriela,García,CC00000032,+57 305 650 0032,+57 315 750 0032,contacto.demo.032@abera.local,Cali,1,2026-06-29T12:00:00Z,Formulario web,true,"[Llamada,WhatsApp]",1,2026-07-29T12:00:00Z,false,Servicio Empresarial,1944000,Oportunidad,agente-demo,Baja,2,2026-08-01T20:00:00Z,2026-07-30T04:00:00Z,Contacto sintético para televentas.,DIALER-CON-032,Marcador demo,Local,
contacto-033,Samuel,López,CC00000033,+57 305 650 0033,+57 315 750 0033,contacto.demo.033@abera.local,Barranquilla,1,2026-06-28T12:00:00Z,Telefónica,true,"[Llamada,Correo]",1,2026-07-28T12:00:00Z,false,Plan Básico,1986000,Venta,agente-demo,Media,3,2026-08-01T21:00:00Z,2026-07-30T03:00:00Z,Contacto sintético para televentas.,DIALER-CON-033,Marcador demo,Local,
contacto-034,Laura,Pérez,CC00000034,+57 305 650 0034,+57 315 750 0034,contacto.demo.034@abera.local,Cartagena,1,2026-06-27T12:00:00Z,Presencial,true,"[Llamada,WhatsApp]",1,2026-07-27T12:00:00Z,false,Plan Premium,2028000,No interesado,agente-demo,Alta,4,2026-08-01T22:00:00Z,2026-07-30T02:00:00Z,Contacto sintético para televentas.,DIALER-CON-034,Marcador demo,Local,
contacto-035,Daniel,Torres,CC00000035,+57 305 650 0035,+57 315 750 0035,contacto.demo.035@abera.local,Bucaramanga,1,2026-06-26T12:00:00Z,Contrato,true,"[Llamada,WhatsApp]",1,2026-07-26T12:00:00Z,false,Servicio Empresarial,2070000,Cargado,agente-demo,Urgente,5,2026-08-01T23:00:00Z,2026-07-30T01:00:00Z,Contacto sintético para televentas.,DIALER-CON-035,Marcador demo,Local,
contacto-036,Sofía,García,CC00000036,+57 305 650 0036,+57 315 750 0036,contacto.demo.036@abera.local,Pereira,1,2026-06-25T12:00:00Z,Formulario web,true,"[Llamada,Correo]",1,2026-07-25T12:00:00Z,false,Plan Básico,2112000,Intentado,agente-demo,Baja,0,2026-08-02T00:00:00Z,2026-07-30T00:00:00Z,Contacto sintético para televentas.,DIALER-CON-036,Marcador demo,Local,
contacto-037,Mateo,López,CC00000037,+57 305 650 0037,+57 315 750 0037,contacto.demo.037@abera.local,Manizales,1,2026-06-24T12:00:00Z,Telefónica,true,"[Llamada,WhatsApp]",1,2026-07-24T12:00:00Z,false,Plan Premium,2154000,Contactado,agente-demo,Media,1,2026-08-02T01:00:00Z,2026-07-29T23:00:00Z,Contacto sintético para televentas.,DIALER-CON-037,Marcador demo,Local,
contacto-038,Valentina,Pérez,CC00000038,+57 305 650 0038,+57 315 750 0038,contacto.demo.038@abera.local,Ibagué,1,2026-06-23T12:00:00Z,Presencial,false,"[Llamada,WhatsApp]",1,2026-07-23T12:00:00Z,false,Servicio Empresarial,2196000,Calificado,agente-demo,Alta,2,2026-08-02T02:00:00Z,2026-07-29T22:00:00Z,Contacto sintético para televentas.,DIALER-CON-038,Marcador demo,Local,
contacto-039,Santiago,Torres,CC00000039,+57 305 650 0039,+57 315 750 0039,contacto.demo.039@abera.local,Villavicencio,1,2026-06-22T12:00:00Z,Contrato,true,"[Llamada,Correo]",1,2026-07-22T12:00:00Z,false,Plan Básico,2238000,Oportunidad,agente-demo,Urgente,3,2026-08-02T03:00:00Z,2026-07-29T21:00:00Z,Contacto sintético para televentas.,DIALER-CON-039,Marcador demo,Local,
contacto-040,Mariana,García,CC00000040,+57 305 650 0040,+57 315 750 0040,contacto.demo.040@abera.local,Bogotá,1,2026-06-21T12:00:00Z,Formulario web,true,"[Llamada,WhatsApp]",1,2026-07-21T12:00:00Z,false,Plan Premium,2280000,Venta,agente-demo,Baja,4,2026-08-02T04:00:00Z,2026-07-29T20:00:00Z,Contacto sintético para televentas.,DIALER-CON-040,Marcador demo,Local,
contacto-041,Sebastián,López,CC00000041,+57 305 650 0041,+57 315 750 0041,contacto.demo.041@abera.local,Medellín,1,2026-06-20T12:00:00Z,Telefónica,true,"[Llamada,WhatsApp]",1,2026-07-20T12:00:00Z,false,Servicio Empresarial,2322000,No interesado,agente-demo,Media,5,2026-08-02T05:00:00Z,2026-07-29T19:00:00Z,Contacto sintético para televentas.,DIALER-CON-041,Marcador demo,Local,
contacto-042,Isabella,Pérez,CC00000042,+57 305 650 0042,+57 315 750 0042,contacto.demo.042@abera.local,Cali,1,2026-06-19T12:00:00Z,Presencial,true,"[Llamada,Correo]",1,2026-07-19T12:00:00Z,false,Plan Básico,2364000,Cargado,agente-demo,Alta,0,2026-08-02T06:00:00Z,2026-07-29T18:00:00Z,Contacto sintético para televentas.,DIALER-CON-042,Marcador demo,Local,
contacto-043,Nicolás,Torres,CC00000043,+57 305 650 0043,+57 315 750 0043,contacto.demo.043@abera.local,Barranquilla,1,2026-06-18T12:00:00Z,Contrato,true,"[Llamada,WhatsApp]",1,2026-07-18T12:00:00Z,false,Plan Premium,2406000,Intentado,agente-demo,Urgente,1,2026-08-02T07:00:00Z,2026-07-29T17:00:00Z,Contacto sintético para televentas.,DIALER-CON-043,Marcador demo,Local,
contacto-044,Gabriela,García,CC00000044,+57 305 650 0044,+57 315 750 0044,contacto.demo.044@abera.local,Cartagena,1,2026-06-17T12:00:00Z,Formulario web,true,"[Llamada,WhatsApp]",1,2026-07-17T12:00:00Z,false,Servicio Empresarial,2448000,Contactado,agente-demo,Baja,2,2026-08-02T08:00:00Z,2026-07-29T16:00:00Z,Contacto sintético para televentas.,DIALER-CON-044,Marcador demo,Local,
contacto-045,Samuel,López,CC00000045,+57 305 650 0045,+57 315 750 0045,contacto.demo.045@abera.local,Bucaramanga,1,2026-06-16T12:00:00Z,Telefónica,true,"[Llamada,Correo]",1,2026-07-16T12:00:00Z,false,Plan Básico,2490000,Calificado,agente-demo,Media,3,2026-08-02T09:00:00Z,2026-07-29T15:00:00Z,Contacto sintético para televentas.,DIALER-CON-045,Marcador demo,Local,
contacto-046,Laura,Pérez,CC00000046,+57 305 650 0046,+57 315 750 0046,contacto.demo.046@abera.local,Pereira,1,2026-06-15T12:00:00Z,Presencial,true,"[Llamada,WhatsApp]",1,2026-07-15T12:00:00Z,true,Plan Premium,2532000,Oportunidad,agente-demo,Alta,4,2026-08-02T10:00:00Z,2026-07-29T14:00:00Z,Contacto sintético para televentas.,DIALER-CON-046,Marcador demo,Local,Solicitud expresa del titular.
contacto-047,Daniel,Torres,CC00000047,+57 305 650 0047,+57 315 750 0047,contacto.demo.047@abera.local,Manizales,1,2026-06-14T12:00:00Z,Contrato,true,"[Llamada,WhatsApp]",1,2026-07-14T12:00:00Z,false,Servicio Empresarial,2574000,Venta,agente-demo,Urgente,5,2026-08-02T11:00:00Z,2026-07-29T13:00:00Z,Contacto sintético para televentas.,DIALER-CON-047,Marcador demo,Local,
contacto-048,Sofía,García,CC00000048,+57 305 650 0048,+57 315 750 0048,contacto.demo.048@abera.local,Ibagué,1,2026-06-13T12:00:00Z,Formulario web,true,"[Llamada,Correo]",1,2026-07-13T12:00:00Z,false,Plan Básico,2616000,No interesado,agente-demo,Baja,0,2026-08-02T12:00:00Z,2026-07-29T12:00:00Z,Contacto sintético para televentas.,DIALER-CON-048,Marcador demo,Local,
contacto-049,Mateo,López,CC00000049,+57 305 650 0049,+57 315 750 0049,contacto.demo.049@abera.local,Villavicencio,1,2026-06-12T12:00:00Z,Telefónica,true,"[Llamada,WhatsApp]",1,2026-07-12T12:00:00Z,false,Plan Premium,2658000,Cargado,agente-demo,Media,1,2026-08-02T13:00:00Z,2026-07-29T11:00:00Z,Contacto sintético para televentas.,DIALER-CON-049,Marcador demo,Local,
contacto-050,Valentina,Pérez,CC00000050,+57 305 650 0050,+57 315 750 0050,contacto.demo.050@abera.local,Bogotá,1,2026-06-11T12:00:00Z,Presencial,true,"[Llamada,WhatsApp]",1,2026-07-11T12:00:00Z,false,Servicio Empresarial,2700000,Intentado,agente-demo,Alta,2,2026-08-02T14:00:00Z,2026-07-29T10:00:00Z,Contacto sintético para televentas.,DIALER-CON-050,Marcador demo,Local,
contacto-051,Santiago,Torres,CC00000051,+57 305 650 0051,+57 315 750 0051,contacto.demo.051@abera.local,Medellín,1,2026-06-10T12:00:00Z,Contrato,true,"[Llamada,Correo]",1,2026-07-10T12:00:00Z,false,Plan Básico,2742000,Contactado,agente-demo,Urgente,3,2026-08-02T15:00:00Z,2026-07-29T09:00:00Z,Contacto sintético para televentas.,DIALER-CON-051,Marcador demo,Local,
contacto-052,Mariana,García,CC00000052,+57 305 650 0052,+57 315 750 0052,contacto.demo.052@abera.local,Cali,1,2026-06-09T12:00:00Z,Formulario web,true,"[Llamada,WhatsApp]",1,2026-07-09T12:00:00Z,false,Plan Premium,2784000,Calificado,agente-demo,Baja,4,2026-08-02T16:00:00Z,2026-07-29T08:00:00Z,Contacto sintético para televentas.,DIALER-CON-052,Marcador demo,Local,
contacto-053,Sebastián,López,CC00000053,+57 305 650 0053,+57 315 750 0053,contacto.demo.053@abera.local,Barranquilla,1,2026-06-08T12:00:00Z,Telefónica,true,"[Llamada,WhatsApp]",1,2026-07-08T12:00:00Z,false,Servicio Empresarial,2826000,Oportunidad,agente-demo,Media,5,2026-08-02T17:00:00Z,2026-07-29T07:00:00Z,Contacto sintético para televentas.,DIALER-CON-053,Marcador demo,Local,
contacto-054,Isabella,Pérez,CC00000054,+57 305 650 0054,+57 315 750 0054,contacto.demo.054@abera.local,Cartagena,1,2026-06-07T12:00:00Z,Presencial,true,"[Llamada,Correo]",1,2026-07-07T12:00:00Z,false,Plan Básico,2868000,Venta,agente-demo,Alta,0,2026-08-02T18:00:00Z,2026-07-29T06:00:00Z,Contacto sintético para televentas.,DIALER-CON-054,Marcador demo,Local,
contacto-055,Nicolás,Torres,CC00000055,+57 305 650 0055,+57 315 750 0055,contacto.demo.055@abera.local,Bucaramanga,1,2026-06-06T12:00:00Z,Contrato,true,"[Llamada,WhatsApp]",1,2026-07-06T12:00:00Z,false,Plan Premium,2910000,No interesado,agente-demo,Urgente,1,2026-08-02T19:00:00Z,2026-07-29T05:00:00Z,Contacto sintético para televentas.,DIALER-CON-055,Marcador demo,Local,
contacto-056,Gabriela,García,CC00000056,+57 305 650 0056,+57 315 750 0056,contacto.demo.056@abera.local,Pereira,1,2026-06-05T12:00:00Z,Formulario web,true,"[Llamada,WhatsApp]",1,2026-07-05T12:00:00Z,false,Servicio Empresarial,2952000,Cargado,agente-demo,Baja,2,2026-08-02T20:00:00Z,2026-07-29T04:00:00Z,Contacto sintético para televentas.,DIALER-CON-056,Marcador demo,Local,
contacto-057,Samuel,López,CC00000057,+57 305 650 0057,+57 315 750 0057,contacto.demo.057@abera.local,Manizales,1,2026-06-04T12:00:00Z,Telefónica,false,"[Llamada,Correo]",1,2026-07-04T12:00:00Z,false,Plan Básico,2994000,Intentado,agente-demo,Media,3,2026-08-02T21:00:00Z,2026-07-29T03:00:00Z,Contacto sintético para televentas.,DIALER-CON-057,Marcador demo,Local,
contacto-058,Laura,Pérez,CC00000058,+57 305 650 0058,+57 315 750 0058,contacto.demo.058@abera.local,Ibagué,1,2026-06-03T12:00:00Z,Presencial,true,"[Llamada,WhatsApp]",1,2026-07-03T12:00:00Z,false,Plan Premium,3036000,Contactado,agente-demo,Alta,4,2026-08-02T22:00:00Z,2026-07-29T02:00:00Z,Contacto sintético para televentas.,DIALER-CON-058,Marcador demo,Local,
contacto-059,Daniel,Torres,CC00000059,+57 305 650 0059,+57 315 750 0059,contacto.demo.059@abera.local,Villavicencio,1,2026-06-02T12:00:00Z,Contrato,true,"[Llamada,WhatsApp]",1,2026-07-02T12:00:00Z,false,Servicio Empresarial,3078000,Calificado,agente-demo,Urgente,5,2026-08-02T23:00:00Z,2026-07-29T01:00:00Z,Contacto sintético para televentas.,DIALER-CON-059,Marcador demo,Local,
contacto-060,Sofía,García,CC00000060,+57 305 650 0060,+57 315 750 0060,contacto.demo.060@abera.local,Bogotá,1,2026-06-01T12:00:00Z,Formulario web,true,"[Llamada,Correo]",1,2026-07-31T12:00:00Z,false,Plan Básico,3120000,Oportunidad,agente-demo,Baja,0,2026-08-03T00:00:00Z,2026-07-29T00:00:00Z,Contacto sintético para televentas.,DIALER-CON-060,Marcador demo,Local,
contacto-061,Mateo,López,CC00000061,+57 305 650 0061,+57 315 750 0061,contacto.demo.061@abera.local,Medellín,1,2026-05-31T12:00:00Z,Telefónica,true,"[Llamada,WhatsApp]",1,2026-07-30T12:00:00Z,false,Plan Premium,3162000,Venta,agente-demo,Media,1,2026-08-03T01:00:00Z,2026-07-28T23:00:00Z,Contacto sintético para televentas.,DIALER-CON-061,Marcador demo,Local,
contacto-062,Valentina,Pérez,CC00000062,+57 305 650 0062,+57 315 750 0062,contacto.demo.062@abera.local,Cali,1,2026-05-30T12:00:00Z,Presencial,true,"[Llamada,WhatsApp]",1,2026-07-29T12:00:00Z,false,Servicio Empresarial,3204000,No interesado,agente-demo,Alta,2,2026-08-03T02:00:00Z,2026-07-28T22:00:00Z,Contacto sintético para televentas.,DIALER-CON-062,Marcador demo,Local,
contacto-063,Santiago,Torres,CC00000063,+57 305 650 0063,+57 315 750 0063,contacto.demo.063@abera.local,Barranquilla,1,2026-05-29T12:00:00Z,Contrato,true,"[Llamada,Correo]",1,2026-07-28T12:00:00Z,false,Plan Básico,3246000,Cargado,agente-demo,Urgente,3,2026-08-03T03:00:00Z,2026-07-28T21:00:00Z,Contacto sintético para televentas.,DIALER-CON-063,Marcador demo,Local,
contacto-064,Mariana,García,CC00000064,+57 305 650 0064,+57 315 750 0064,contacto.demo.064@abera.local,Cartagena,1,2026-05-28T12:00:00Z,Formulario web,true,"[Llamada,WhatsApp]",1,2026-07-27T12:00:00Z,false,Plan Premium,3288000,Intentado,agente-demo,Baja,4,2026-08-03T04:00:00Z,2026-07-28T20:00:00Z,Contacto sintético para televentas.,DIALER-CON-064,Marcador demo,Local,
contacto-065,Sebastián,López,CC00000065,+57 305 650 0065,+57 315 750 0065,contacto.demo.065@abera.local,Bucaramanga,1,2026-05-27T12:00:00Z,Telefónica,true,"[Llamada,WhatsApp]",1,2026-07-26T12:00:00Z,false,Servicio Empresarial,3330000,Contactado,agente-demo,Media,5,2026-08-03T05:00:00Z,2026-07-28T19:00:00Z,Contacto sintético para televentas.,DIALER-CON-065,Marcador demo,Local,
contacto-066,Isabella,Pérez,CC00000066,+57 305 650 0066,+57 315 750 0066,contacto.demo.066@abera.local,Pereira,1,2026-05-26T12:00:00Z,Presencial,true,"[Llamada,Correo]",1,2026-07-25T12:00:00Z,false,Plan Básico,3372000,Calificado,agente-demo,Alta,0,2026-08-03T06:00:00Z,2026-07-28T18:00:00Z,Contacto sintético para televentas.,DIALER-CON-066,Marcador demo,Local,
contacto-067,Nicolás,Torres,CC00000067,+57 305 650 0067,+57 315 750 0067,contacto.demo.067@abera.local,Manizales,1,2026-05-25T12:00:00Z,Contrato,true,"[Llamada,WhatsApp]",1,2026-07-24T12:00:00Z,false,Plan Premium,3414000,Oportunidad,agente-demo,Urgente,1,2026-08-03T07:00:00Z,2026-07-28T17:00:00Z,Contacto sintético para televentas.,DIALER-CON-067,Marcador demo,Local,
contacto-068,Gabriela,García,CC00000068,+57 305 650 0068,+57 315 750 0068,contacto.demo.068@abera.local,Ibagué,1,2026-05-24T12:00:00Z,Formulario web,true,"[Llamada,WhatsApp]",1,2026-07-23T12:00:00Z,false,Servicio Empresarial,3456000,Venta,agente-demo,Baja,2,2026-08-03T08:00:00Z,2026-07-28T16:00:00Z,Contacto sintético para televentas.,DIALER-CON-068,Marcador demo,Local,
contacto-069,Samuel,López,CC00000069,+57 305 650 0069,+57 315 750 0069,contacto.demo.069@abera.local,Villavicencio,1,2026-05-23T12:00:00Z,Telefónica,true,"[Llamada,Correo]",1,2026-07-22T12:00:00Z,true,Plan Básico,3498000,No interesado,agente-demo,Media,3,2026-08-03T09:00:00Z,2026-07-28T15:00:00Z,Contacto sintético para televentas.,DIALER-CON-069,Marcador demo,Local,Solicitud expresa del titular.
contacto-070,Laura,Pérez,CC00000070,+57 305 650 0070,+57 315 750 0070,contacto.demo.070@abera.local,Bogotá,1,2026-05-22T12:00:00Z,Presencial,true,"[Llamada,WhatsApp]",1,2026-07-21T12:00:00Z,false,Plan Premium,3540000,Cargado,agente-demo,Alta,4,2026-08-03T10:00:00Z,2026-07-28T14:00:00Z,Contacto sintético para televentas.,DIALER-CON-070,Marcador demo,Local,
contacto-071,Daniel,Torres,CC00000071,+57 305 650 0071,+57 315 750 0071,contacto.demo.071@abera.local,Medellín,1,2026-05-21T12:00:00Z,Contrato,true,"[Llamada,WhatsApp]",1,2026-07-20T12:00:00Z,false,Servicio Empresarial,3582000,Intentado,agente-demo,Urgente,5,2026-08-03T11:00:00Z,2026-07-28T13:00:00Z,Contacto sintético para televentas.,DIALER-CON-071,Marcador demo,Local,
contacto-072,Sofía,García,CC00000072,+57 305 650 0072,+57 315 750 0072,contacto.demo.072@abera.local,Cali,1,2026-05-20T12:00:00Z,Formulario web,true,"[Llamada,Correo]",1,2026-07-19T12:00:00Z,false,Plan Básico,3624000,Contactado,agente-demo,Baja,0,2026-08-03T12:00:00Z,2026-07-28T12:00:00Z,Contacto sintético para televentas.,DIALER-CON-072,Marcador demo,Local,
contacto-073,Mateo,López,CC00000073,+57 305 650 0073,+57 315 750 0073,contacto.demo.073@abera.local,Barranquilla,1,2026-05-19T12:00:00Z,Telefónica,true,"[Llamada,WhatsApp]",1,2026-07-18T12:00:00Z,false,Plan Premium,3666000,Calificado,agente-demo,Media,1,2026-08-03T13:00:00Z,2026-07-28T11:00:00Z,Contacto sintético para televentas.,DIALER-CON-073,Marcador demo,Local,
contacto-074,Valentina,Pérez,CC00000074,+57 305 650 0074,+57 315 750 0074,contacto.demo.074@abera.local,Cartagena,1,2026-05-18T12:00:00Z,Presencial,true,"[Llamada,WhatsApp]",1,2026-07-17T12:00:00Z,false,Servicio Empresarial,3708000,Oportunidad,agente-demo,Alta,2,2026-08-03T14:00:00Z,2026-07-28T10:00:00Z,Contacto sintético para televentas.,DIALER-CON-074,Marcador demo,Local,
contacto-075,Santiago,Torres,CC00000075,+57 305 650 0075,+57 315 750 0075,contacto.demo.075@abera.local,Bucaramanga,1,2026-05-17T12:00:00Z,Contrato,true,"[Llamada,Correo]",1,2026-07-16T12:00:00Z,false,Plan Básico,3750000,Venta,agente-demo,Urgente,3,2026-08-03T15:00:00Z,2026-07-28T09:00:00Z,Contacto sintético para televentas.,DIALER-CON-075,Marcador demo,Local,
contacto-076,Mariana,García,CC00000076,+57 305 650 0076,+57 315 750 0076,contacto.demo.076@abera.local,Pereira,1,2026-05-16T12:00:00Z,Formulario web,false,"[Llamada,WhatsApp]",1,2026-07-15T12:00:00Z,false,Plan Premium,3792000,No interesado,agente-demo,Baja,4,2026-08-03T16:00:00Z,2026-07-28T08:00:00Z,Contacto sintético para televentas.,DIALER-CON-076,Marcador demo,Local,
contacto-077,Sebastián,López,CC00000077,+57 305 650 0077,+57 315 750 0077,contacto.demo.077@abera.local,Manizales,1,2026-05-15T12:00:00Z,Telefónica,true,"[Llamada,WhatsApp]",1,2026-07-14T12:00:00Z,false,Servicio Empresarial,3834000,Cargado,agente-demo,Media,5,2026-08-03T17:00:00Z,2026-07-28T07:00:00Z,Contacto sintético para televentas.,DIALER-CON-077,Marcador demo,Local,
contacto-078,Isabella,Pérez,CC00000078,+57 305 650 0078,+57 315 750 0078,contacto.demo.078@abera.local,Ibagué,1,2026-05-14T12:00:00Z,Presencial,true,"[Llamada,Correo]",1,2026-07-13T12:00:00Z,false,Plan Básico,3876000,Intentado,agente-demo,Alta,0,2026-08-03T18:00:00Z,2026-07-28T06:00:00Z,Contacto sintético para televentas.,DIALER-CON-078,Marcador demo,Local,
contacto-079,Nicolás,Torres,CC00000079,+57 305 650 0079,+57 315 750 0079,contacto.demo.079@abera.local,Villavicencio,1,2026-05-13T12:00:00Z,Contrato,true,"[Llamada,WhatsApp]",1,2026-07-12T12:00:00Z,false,Plan Premium,3918000,Contactado,agente-demo,Urgente,1,2026-08-03T19:00:00Z,2026-07-28T05:00:00Z,Contacto sintético para televentas.,DIALER-CON-079,Marcador demo,Local,
contacto-080,Gabriela,García,CC00000080,+57 305 650 0080,+57 315 750 0080,contacto.demo.080@abera.local,Bogotá,1,2026-05-12T12:00:00Z,Formulario web,true,"[Llamada,WhatsApp]",1,2026-07-11T12:00:00Z,false,Servicio Empresarial,3960000,Calificado,agente-demo,Baja,2,2026-08-03T20:00:00Z,2026-07-28T04:00:00Z,Contacto sintético para televentas.,DIALER-CON-080,Marcador demo,Local,
contacto-081,Samuel,López,CC00000081,+57 305 650 0081,+57 315 750 0081,contacto.demo.081@abera.local,Medellín,1,2026-05-11T12:00:00Z,Telefónica,true,"[Llamada,Correo]",1,2026-07-10T12:00:00Z,false,Plan Básico,4002000,Oportunidad,agente-demo,Media,3,2026-08-03T21:00:00Z,2026-07-28T03:00:00Z,Contacto sintético para televentas.,DIALER-CON-081,Marcador demo,Local,
contacto-082,Laura,Pérez,CC00000082,+57 305 650 0082,+57 315 750 0082,contacto.demo.082@abera.local,Cali,1,2026-05-10T12:00:00Z,Presencial,true,"[Llamada,WhatsApp]",1,2026-07-09T12:00:00Z,false,Plan Premium,4044000,Venta,agente-demo,Alta,4,2026-08-03T22:00:00Z,2026-07-28T02:00:00Z,Contacto sintético para televentas.,DIALER-CON-082,Marcador demo,Local,
contacto-083,Daniel,Torres,CC00000083,+57 305 650 0083,+57 315 750 0083,contacto.demo.083@abera.local,Barranquilla,1,2026-05-09T12:00:00Z,Contrato,true,"[Llamada,WhatsApp]",1,2026-07-08T12:00:00Z,false,Servicio Empresarial,4086000,No interesado,agente-demo,Urgente,5,2026-08-03T23:00:00Z,2026-07-28T01:00:00Z,Contacto sintético para televentas.,DIALER-CON-083,Marcador demo,Local,
contacto-084,Sofía,García,CC00000084,+57 305 650 0084,+57 315 750 0084,contacto.demo.084@abera.local,Cartagena,1,2026-05-08T12:00:00Z,Formulario web,true,"[Llamada,Correo]",1,2026-07-07T12:00:00Z,false,Plan Básico,4128000,Cargado,agente-demo,Baja,0,2026-08-04T00:00:00Z,2026-07-28T00:00:00Z,Contacto sintético para televentas.,DIALER-CON-084,Marcador demo,Local,
contacto-085,Mateo,López,CC00000085,+57 305 650 0085,+57 315 750 0085,contacto.demo.085@abera.local,Bucaramanga,1,2026-05-07T12:00:00Z,Telefónica,true,"[Llamada,WhatsApp]",1,2026-07-06T12:00:00Z,false,Plan Premium,4170000,Intentado,agente-demo,Media,1,2026-08-04T01:00:00Z,2026-07-27T23:00:00Z,Contacto sintético para televentas.,DIALER-CON-085,Marcador demo,Local,
contacto-086,Valentina,Pérez,CC00000086,+57 305 650 0086,+57 315 750 0086,contacto.demo.086@abera.local,Pereira,1,2026-05-06T12:00:00Z,Presencial,true,"[Llamada,WhatsApp]",1,2026-07-05T12:00:00Z,false,Servicio Empresarial,4212000,Contactado,agente-demo,Alta,2,2026-08-04T02:00:00Z,2026-07-27T22:00:00Z,Contacto sintético para televentas.,DIALER-CON-086,Marcador demo,Local,
contacto-087,Santiago,Torres,CC00000087,+57 305 650 0087,+57 315 750 0087,contacto.demo.087@abera.local,Manizales,1,2026-05-05T12:00:00Z,Contrato,true,"[Llamada,Correo]",1,2026-07-04T12:00:00Z,false,Plan Básico,4254000,Calificado,agente-demo,Urgente,3,2026-08-04T03:00:00Z,2026-07-27T21:00:00Z,Contacto sintético para televentas.,DIALER-CON-087,Marcador demo,Local,
contacto-088,Mariana,García,CC00000088,+57 305 650 0088,+57 315 750 0088,contacto.demo.088@abera.local,Ibagué,1,2026-05-04T12:00:00Z,Formulario web,true,"[Llamada,WhatsApp]",1,2026-07-03T12:00:00Z,false,Plan Premium,4296000,Oportunidad,agente-demo,Baja,4,2026-08-04T04:00:00Z,2026-07-27T20:00:00Z,Contacto sintético para televentas.,DIALER-CON-088,Marcador demo,Local,
contacto-089,Sebastián,López,CC00000089,+57 305 650 0089,+57 315 750 0089,contacto.demo.089@abera.local,Villavicencio,1,2026-05-03T12:00:00Z,Telefónica,true,"[Llamada,WhatsApp]",1,2026-07-02T12:00:00Z,false,Servicio Empresarial,4338000,Venta,agente-demo,Media,5,2026-08-04T05:00:00Z,2026-07-27T19:00:00Z,Contacto sintético para televentas.,DIALER-CON-089,Marcador demo,Local,
contacto-090,Isabella,Pérez,CC00000090,+57 305 650 0090,+57 315 750 0090,contacto.demo.090@abera.local,Bogotá,1,2026-07-31T12:00:00Z,Presencial,true,"[Llamada,Correo]",1,2026-07-31T12:00:00Z,false,Plan Básico,4380000,No interesado,agente-demo,Alta,0,2026-08-04T06:00:00Z,2026-07-27T18:00:00Z,Contacto sintético para televentas.,DIALER-CON-090,Marcador demo,Local,
contacto-091,Nicolás,Torres,CC00000091,+57 305 650 0091,+57 315 750 0091,contacto.demo.091@abera.local,Medellín,1,2026-07-30T12:00:00Z,Contrato,true,"[Llamada,WhatsApp]",1,2026-07-30T12:00:00Z,false,Plan Premium,4422000,Cargado,agente-demo,Urgente,1,2026-08-04T07:00:00Z,2026-07-27T17:00:00Z,Contacto sintético para televentas.,DIALER-CON-091,Marcador demo,Local,
contacto-092,Gabriela,García,CC00000092,+57 305 650 0092,+57 315 750 0092,contacto.demo.092@abera.local,Cali,1,2026-07-29T12:00:00Z,Formulario web,true,"[Llamada,WhatsApp]",1,2026-07-29T12:00:00Z,true,Servicio Empresarial,4464000,Intentado,agente-demo,Baja,2,2026-08-04T08:00:00Z,2026-07-27T16:00:00Z,Contacto sintético para televentas.,DIALER-CON-092,Marcador demo,Local,Solicitud expresa del titular.
contacto-093,Samuel,López,CC00000093,+57 305 650 0093,+57 315 750 0093,contacto.demo.093@abera.local,Barranquilla,1,2026-07-28T12:00:00Z,Telefónica,true,"[Llamada,Correo]",1,2026-07-28T12:00:00Z,false,Plan Básico,4506000,Contactado,agente-demo,Media,3,2026-08-04T09:00:00Z,2026-07-27T15:00:00Z,Contacto sintético para televentas.,DIALER-CON-093,Marcador demo,Local,
contacto-094,Laura,Pérez,CC00000094,+57 305 650 0094,+57 315 750 0094,contacto.demo.094@abera.local,Cartagena,1,2026-07-27T12:00:00Z,Presencial,true,"[Llamada,WhatsApp]",1,2026-07-27T12:00:00Z,false,Plan Premium,4548000,Calificado,agente-demo,Alta,4,2026-08-04T10:00:00Z,2026-07-27T14:00:00Z,Contacto sintético para televentas.,DIALER-CON-094,Marcador demo,Local,
contacto-095,Daniel,Torres,CC00000095,+57 305 650 0095,+57 315 750 0095,contacto.demo.095@abera.local,Bucaramanga,1,2026-07-26T12:00:00Z,Contrato,false,"[Llamada,WhatsApp]",1,2026-07-26T12:00:00Z,false,Servicio Empresarial,4590000,Oportunidad,agente-demo,Urgente,5,2026-08-04T11:00:00Z,2026-07-27T13:00:00Z,Contacto sintético para televentas.,DIALER-CON-095,Marcador demo,Local,
contacto-096,Sofía,García,CC00000096,+57 305 650 0096,+57 315 750 0096,contacto.demo.096@abera.local,Pereira,1,2026-07-25T12:00:00Z,Formulario web,true,"[Llamada,Correo]",1,2026-07-25T12:00:00Z,false,Plan Básico,4632000,Venta,agente-demo,Baja,0,2026-07-31T12:00:00Z,2026-07-27T12:00:00Z,Contacto sintético para televentas.,DIALER-CON-096,Marcador demo,Local,
contacto-097,Mateo,López,CC00000097,+57 305 650 0097,+57 315 750 0097,contacto.demo.097@abera.local,Manizales,1,2026-07-24T12:00:00Z,Telefónica,true,"[Llamada,WhatsApp]",1,2026-07-24T12:00:00Z,false,Plan Premium,4674000,No interesado,agente-demo,Media,1,2026-07-31T13:00:00Z,2026-07-27T11:00:00Z,Contacto sintético para televentas.,DIALER-CON-097,Marcador demo,Local,
contacto-098,Valentina,Pérez,CC00000098,+57 305 650 0098,+57 315 750 0098,contacto.demo.098@abera.local,Ibagué,1,2026-07-23T12:00:00Z,Presencial,true,"[Llamada,WhatsApp]",1,2026-07-23T12:00:00Z,false,Servicio Empresarial,4716000,Cargado,agente-demo,Alta,2,2026-07-31T14:00:00Z,2026-07-27T10:00:00Z,Contacto sintético para televentas.,DIALER-CON-098,Marcador demo,Local,
contacto-099,Santiago,Torres,CC00000099,+57 305 650 0099,+57 315 750 0099,contacto.demo.099@abera.local,Villavicencio,1,2026-07-22T12:00:00Z,Contrato,true,"[Llamada,Correo]",1,2026-07-22T12:00:00Z,false,Plan Básico,4758000,Intentado,agente-demo,Urgente,3,2026-07-31T15:00:00Z,2026-07-27T09:00:00Z,Contacto sintético para televentas.,DIALER-CON-099,Marcador demo,Local,
contacto-100,Mariana,García,CC00000100,+57 305 650 0100,+57 315 750 0100,contacto.demo.100@abera.local,Bogotá,1,2026-07-21T12:00:00Z,Formulario web,true,"[Llamada,WhatsApp]",1,2026-07-21T12:00:00Z,false,Plan Premium,4800000,Contactado,agente-demo,Baja,4,2026-07-31T16:00:00Z,2026-07-27T08:00:00Z,Contacto sintético para televentas.,DIALER-CON-100,Marcador demo,Local,
