ID,nombres,apellidos,tipoDocumento,documento,fechaNacimiento,esMenorEdad,telefono,correo,autorizaTratamientoDatos,fechaAutorizacion,ciudad,nivelInteres,modalidadPreferida,programaPrincipal,programasInteres,origen,estado,asesor,prioridad,fechaAsignacion,proximoContacto,ultimoContacto,notas,externalID,proveedorExterno,estadoIntegracion,acudienteNombre,acudienteTelefono,motivoCierre
edu-prospecto-001,Mateo,López,Cédula de ciudadanía,1000000001,2001-08-06,false,+57 302 620 0001,estudiante.demo.001@abera.local,1,2026-07-30T12:00:00Z,Medellín,Tecnólogo,Virtual,programa-002,"[programa-002,programa-019]",Feria educativa,Contactado,asesor-demo,Media,2026-07-30T12:00:00Z,2026-07-31T13:00:00Z,2026-07-30T12:00:00Z,Prospecto educativo sintético.,EDU-LEAD-001,Formulario demo,Local,,,
edu-prospecto-002,Valentina,Pérez,Cédula de ciudadanía,1000000002,2000-08-06,false,+57 302 620 0002,estudiante.demo.002@abera.local,1,2026-07-29T12:00:00Z,Cali,Pregrado,Híbrida,programa-003,"[programa-003,programa-020]",Referido,Calificado,asesora-demo,Media,2026-07-29T12:00:00Z,2026-07-31T14:00:00Z,2026-07-29T12:00:00Z,Prospecto educativo sintético.,EDU-LEAD-002,Formulario demo,Local,,,
edu-prospecto-003,Santiago,Torres,Cédula de ciudadanía,1000000003,1999-08-07,false,+57 302 620 0003,estudiante.demo.003@abera.local,1,2026-07-28T12:00:00Z,Barranquilla,Posgrado,Presencial,programa-004,"[programa-004,programa-021]",Redes sociales,Solicitud iniciada,asesor-demo,Alta,2026-07-28T12:00:00Z,2026-07-31T15:00:00Z,2026-07-28T12:00:00Z,Prospecto educativo sintético.,EDU-LEAD-003,Formulario demo,Local,,,
edu-prospecto-004,Mariana,García,Cédula de ciudadanía,1000000004,1998-08-07,false,+57 302 620 0004,estudiante.demo.004@abera.local,1,2026-07-27T12:00:00Z,Cartagena,Técnico,Virtual,programa-005,"[programa-005,programa-022]",Sitio web,Solicitud completa,asesora-demo,Urgente,2026-07-27T12:00:00Z,2026-07-31T16:00:00Z,2026-07-27T12:00:00Z,Prospecto educativo sintético.,EDU-LEAD-004,Formulario demo,Local,,,
edu-prospecto-005,Sebastián,López,Tarjeta de identidad,1000000005,2010-08-04,true,+57 302 620 0005,estudiante.demo.005@abera.local,1,2026-07-26T12:00:00Z,Bucaramanga,Tecnólogo,Híbrida,programa-006,"[programa-006,programa-023]",Feria educativa,Admitido,asesor-demo,Baja,2026-07-26T12:00:00Z,2026-07-31T17:00:00Z,2026-07-26T12:00:00Z,Prospecto educativo sintético.,EDU-LEAD-005,Formulario demo,Local,Acudiente sintético 5,+57 303 630 0005,
edu-prospecto-006,Isabella,Pérez,Cédula de ciudadanía,1000000006,1996-08-07,false,+57 302 620 0006,estudiante.demo.006@abera.local,1,2026-07-25T12:00:00Z,Pereira,Pregrado,Presencial,programa-007,"[programa-007,programa-024]",Referido,Matriculado,asesora-demo,Media,2026-07-25T12:00:00Z,2026-07-31T18:00:00Z,2026-07-25T12:00:00Z,Prospecto educativo sintético.,EDU-LEAD-006,Formulario demo,Local,,,
edu-prospecto-007,Nicolás,Torres,Cédula de ciudadanía,1000000007,1995-08-08,false,+57 302 620 0007,estudiante.demo.007@abera.local,1,2026-07-24T12:00:00Z,Manizales,Posgrado,Virtual,programa-008,"[programa-008,programa-025]",Redes sociales,No matriculado,asesor-demo,Media,2026-07-24T12:00:00Z,2026-07-31T19:00:00Z,2026-07-24T12:00:00Z,Prospecto educativo sintético.,EDU-LEAD-007,Formulario demo,Local,,,El prospecto aplazó su decisión para otro periodo.
edu-prospecto-008,Gabriela,García,Cédula de ciudadanía,1000000008,1994-08-08,false,+57 302 620 0008,estudiante.demo.008@abera.local,1,2026-07-23T12:00:00Z,Ibagué,Técnico,Híbrida,programa-009,"[programa-009,programa-026]",Sitio web,Interesado,asesora-demo,Alta,2026-07-23T12:00:00Z,2026-07-31T20:00:00Z,2026-07-23T12:00:00Z,Prospecto educativo sintético.,EDU-LEAD-008,Formulario demo,Local,,,
edu-prospecto-009,Samuel,López,Cédula de ciudadanía,1000000009,1993-08-08,false,+57 302 620 0009,estudiante.demo.009@abera.local,1,2026-07-22T12:00:00Z,Villavicencio,Tecnólogo,Presencial,programa-010,"[programa-010,programa-027]",Feria educativa,Contactado,asesor-demo,Urgente,2026-07-22T12:00:00Z,2026-07-31T21:00:00Z,2026-07-22T12:00:00Z,Prospecto educativo sintético.,EDU-LEAD-009,Formulario demo,Local,,,
edu-prospecto-010,Laura,Pérez,Tarjeta de identidad,1000000010,2010-08-04,true,+57 302 620 0010,estudiante.demo.010@abera.local,1,2026-07-21T12:00:00Z,Bogotá,Pregrado,Virtual,programa-011,"[programa-011,programa-028]",Referido,Calificado,asesora-demo,Baja,2026-07-21T12:00:00Z,2026-07-31T22:00:00Z,2026-07-21T12:00:00Z,Prospecto educativo sintético.,EDU-LEAD-010,Formulario demo,Local,Acudiente sintético 10,+57 303 630 0010,
edu-prospecto-011,Daniel,Torres,Cédula de ciudadanía,1000000011,1991-08-09,false,+57 302 620 0011,estudiante.demo.011@abera.local,1,2026-07-20T12:00:00Z,Medellín,Posgrado,Híbrida,programa-012,"[programa-012,programa-029]",Redes sociales,Solicitud iniciada,,Media,2026-07-20T12:00:00Z,2026-07-31T23:00:00Z,2026-07-20T12:00:00Z,Prospecto educativo sintético.,EDU-LEAD-011,Formulario demo,Local,,,
edu-prospecto-012,Sofía,García,Cédula de ciudadanía,1000000012,1990-08-09,false,+57 302 620 0012,estudiante.demo.012@abera.local,1,2026-07-19T12:00:00Z,Cali,Técnico,Presencial,programa-013,"[programa-013,programa-030]",Sitio web,Solicitud completa,asesora-demo,Media,2026-07-19T12:00:00Z,2026-08-01T00:00:00Z,2026-07-19T12:00:00Z,Prospecto educativo sintético.,EDU-LEAD-012,Formulario demo,Local,,,
edu-prospecto-013,Mateo,López,Cédula de ciudadanía,1000000013,1989-08-09,false,+57 302 620 0013,estudiante.demo.013@abera.local,1,2026-07-18T12:00:00Z,Barranquilla,Tecnólogo,Virtual,programa-014,"[programa-014,programa-031]",Feria educativa,Admitido,asesor-demo,Alta,2026-07-18T12:00:00Z,2026-08-01T01:00:00Z,2026-07-18T12:00:00Z,Prospecto educativo sintético.,EDU-LEAD-013,Formulario demo,Local,,,
edu-prospecto-014,Valentina,Pérez,Cédula de ciudadanía,1000000014,1988-08-09,false,+57 302 620 0014,estudiante.demo.014@abera.local,1,2026-07-17T12:00:00Z,Cartagena,Pregrado,Híbrida,programa-015,"[programa-015,programa-032]",Referido,Matriculado,asesora-demo,Urgente,2026-07-17T12:00:00Z,2026-08-01T02:00:00Z,2026-07-31T12:00:00Z,Prospecto educativo sintético.,EDU-LEAD-014,Formulario demo,Local,,,
edu-prospecto-015,Santiago,Torres,Tarjeta de identidad,1000000015,2010-08-04,true,+57 302 620 0015,estudiante.demo.015@abera.local,1,2026-07-16T12:00:00Z,Bucaramanga,Posgrado,Presencial,programa-016,"[programa-016,programa-033]",Redes sociales,No matriculado,asesor-demo,Baja,2026-07-16T12:00:00Z,2026-08-01T03:00:00Z,2026-07-30T12:00:00Z,Prospecto educativo sintético.,EDU-LEAD-015,Formulario demo,Local,Acudiente sintético 15,+57 303 630 0015,El prospecto aplazó su decisión para otro periodo.
edu-prospecto-016,Mariana,García,Cédula de ciudadanía,1000000016,1986-08-10,false,+57 302 620 0016,estudiante.demo.016@abera.local,1,2026-07-15T12:00:00Z,Pereira,Técnico,Virtual,programa-017,"[programa-017,programa-034]",Sitio web,Interesado,asesora-demo,Media,2026-07-15T12:00:00Z,2026-08-01T04:00:00Z,2026-07-29T12:00:00Z,Prospecto educativo sintético.,EDU-LEAD-016,Formulario demo,Local,,,
edu-prospecto-017,Sebastián,López,Cédula de ciudadanía,1000000017,1985-08-10,false,+57 302 620 0017,estudiante.demo.017@abera.local,1,2026-07-14T12:00:00Z,Manizales,Tecnólogo,Híbrida,programa-018,"[programa-018,programa-035]",Feria educativa,Contactado,asesor-demo,Media,2026-07-14T12:00:00Z,2026-08-01T05:00:00Z,2026-07-28T12:00:00Z,Prospecto educativo sintético.,EDU-LEAD-017,Formulario demo,Local,,,
edu-prospecto-018,Isabella,Pérez,Cédula de ciudadanía,1000000018,2002-08-06,false,+57 302 620 0018,estudiante.demo.018@abera.local,1,2026-07-13T12:00:00Z,Ibagué,Pregrado,Presencial,programa-019,"[programa-019,programa-036]",Referido,Calificado,asesora-demo,Alta,2026-07-13T12:00:00Z,2026-08-01T06:00:00Z,2026-07-27T12:00:00Z,Prospecto educativo sintético.,EDU-LEAD-018,Formulario demo,Local,,,
edu-prospecto-019,Nicolás,Torres,Cédula de ciudadanía,1000000019,2001-08-06,false,+57 302 620 0019,estudiante.demo.019@abera.local,1,2026-07-12T12:00:00Z,Villavicencio,Posgrado,Virtual,programa-020,"[programa-020,programa-037]",Redes sociales,Solicitud iniciada,asesor-demo,Urgente,2026-07-12T12:00:00Z,2026-08-01T07:00:00Z,2026-07-26T12:00:00Z,Prospecto educativo sintético.,EDU-LEAD-019,Formulario demo,Local,,,
edu-prospecto-020,Gabriela,García,Tarjeta de identidad,1000000020,2010-08-04,true,+57 302 620 0020,estudiante.demo.020@abera.local,1,2026-07-11T12:00:00Z,Bogotá,Técnico,Híbrida,programa-021,"[programa-021,programa-038]",Sitio web,Solicitud completa,asesora-demo,Baja,2026-07-11T12:00:00Z,2026-08-01T08:00:00Z,2026-07-25T12:00:00Z,Prospecto educativo sintético.,EDU-LEAD-020,Formulario demo,Local,Acudiente sintético 20,+57 303 630 0020,
edu-prospecto-021,Samuel,López,Cédula de ciudadanía,1000000021,1999-08-07,false,+57 302 620 0021,estudiante.demo.021@abera.local,1,2026-07-10T12:00:00Z,Medellín,Tecnólogo,Presencial,programa-022,"[programa-022,programa-039]",Feria educativa,Admitido,asesor-demo,Media,2026-07-10T12:00:00Z,2026-08-01T09:00:00Z,2026-07-24T12:00:00Z,Prospecto educativo sintético.,EDU-LEAD-021,Formulario demo,Local,,,
edu-prospecto-022,Laura,Pérez,Cédula de ciudadanía,1000000022,1998-08-07,false,+57 302 620 0022,estudiante.demo.022@abera.local,1,2026-07-09T12:00:00Z,Cali,Pregrado,Virtual,programa-023,"[programa-023,programa-040]",Referido,Matriculado,,Media,2026-07-09T12:00:00Z,2026-08-01T10:00:00Z,2026-07-23T12:00:00Z,Prospecto educativo sintético.,EDU-LEAD-022,Formulario demo,Local,,,
edu-prospecto-023,Daniel,Torres,Cédula de ciudadanía,1000000023,1997-08-07,false,+57 302 620 0023,estudiante.demo.023@abera.local,1,2026-07-08T12:00:00Z,Barranquilla,Posgrado,Híbrida,programa-024,"[programa-024,programa-041]",Redes sociales,No matriculado,asesor-demo,Alta,2026-07-08T12:00:00Z,2026-08-01T11:00:00Z,2026-07-22T12:00:00Z,Prospecto educativo sintético.,EDU-LEAD-023,Formulario demo,Local,,,El prospecto aplazó su decisión para otro periodo.
edu-prospecto-024,Sofía,García,Cédula de ciudadanía,1000000024,1996-08-07,false,+57 302 620 0024,estudiante.demo.024@abera.local,1,2026-07-07T12:00:00Z,Cartagena,Técnico,Presencial,programa-025,"[programa-025,programa-042]",Sitio web,Interesado,asesora-demo,Urgente,2026-07-07T12:00:00Z,2026-08-01T12:00:00Z,2026-07-21T12:00:00Z,Prospecto educativo sintético.,EDU-LEAD-024,Formulario demo,Local,,,
edu-prospecto-025,Mateo,López,Tarjeta de identidad,1000000025,2010-08-04,true,+57 302 620 0025,estudiante.demo.025@abera.local,1,2026-07-06T12:00:00Z,Bucaramanga,Tecnólogo,Virtual,programa-026,"[programa-026,programa-043]",Feria educativa,Contactado,asesor-demo,Baja,2026-07-06T12:00:00Z,2026-08-01T13:00:00Z,2026-07-20T12:00:00Z,Prospecto educativo sintético.,EDU-LEAD-025,Formulario demo,Local,Acudiente sintético 25,+57 303 630 0025,
edu-prospecto-026,Valentina,Pérez,Cédula de ciudadanía,1000000026,1994-08-08,false,+57 302 620 0026,estudiante.demo.026@abera.local,1,2026-07-05T12:00:00Z,Pereira,Pregrado,Híbrida,programa-027,"[programa-027,programa-044]",Referido,Calificado,asesora-demo,Media,2026-07-05T12:00:00Z,2026-08-01T14:00:00Z,2026-07-19T12:00:00Z,Prospecto educativo sintético.,EDU-LEAD-026,Formulario demo,Local,,,
edu-prospecto-027,Santiago,Torres,Cédula de ciudadanía,1000000027,1993-08-08,false,+57 302 620 0027,estudiante.demo.027@abera.local,1,2026-07-04T12:00:00Z,Manizales,Posgrado,Presencial,programa-028,"[programa-028,programa-045]",Redes sociales,Solicitud iniciada,asesor-demo,Media,2026-07-04T12:00:00Z,2026-08-01T15:00:00Z,2026-07-18T12:00:00Z,Prospecto educativo sintético.,EDU-LEAD-027,Formulario demo,Local,,,
edu-prospecto-028,Mariana,García,Cédula de ciudadanía,1000000028,1992-08-08,false,+57 302 620 0028,estudiante.demo.028@abera.local,1,2026-07-03T12:00:00Z,Ibagué,Técnico,Virtual,programa-029,"[programa-029,programa-046]",Sitio web,Solicitud completa,asesora-demo,Alta,2026-07-03T12:00:00Z,2026-08-01T16:00:00Z,2026-07-31T12:00:00Z,Prospecto educativo sintético.,EDU-LEAD-028,Formulario demo,Local,,,
edu-prospecto-029,Sebastián,López,Cédula de ciudadanía,1000000029,1991-08-09,false,+57 302 620 0029,estudiante.demo.029@abera.local,1,2026-07-02T12:00:00Z,Villavicencio,Tecnólogo,Híbrida,programa-030,"[programa-030,programa-047]",Feria educativa,Admitido,asesor-demo,Urgente,2026-07-02T12:00:00Z,2026-08-01T17:00:00Z,2026-07-30T12:00:00Z,Prospecto educativo sintético.,EDU-LEAD-029,Formulario demo,Local,,,
edu-prospecto-030,Isabella,Pérez,Tarjeta de identidad,1000000030,2010-08-04,true,+57 302 620 0030,estudiante.demo.030@abera.local,1,2026-07-01T12:00:00Z,Bogotá,Pregrado,Presencial,programa-031,"[programa-031,programa-048]",Referido,Matriculado,asesora-demo,Baja,2026-07-31T12:00:00Z,2026-08-01T18:00:00Z,2026-07-29T12:00:00Z,Prospecto educativo sintético.,EDU-LEAD-030,Formulario demo,Local,Acudiente sintético 30,+57 303 630 0030,
edu-prospecto-031,Nicolás,Torres,Cédula de ciudadanía,1000000031,1989-08-09,false,+57 302 620 0031,estudiante.demo.031@abera.local,1,2026-06-30T12:00:00Z,Medellín,Posgrado,Virtual,programa-032,"[programa-032,programa-049]",Redes sociales,No matriculado,asesor-demo,Media,2026-07-30T12:00:00Z,2026-08-01T19:00:00Z,2026-07-28T12:00:00Z,Prospecto educativo sintético.,EDU-LEAD-031,Formulario demo,Local,,,El prospecto aplazó su decisión para otro periodo.
edu-prospecto-032,Gabriela,García,Cédula de ciudadanía,1000000032,1988-08-09,false,+57 302 620 0032,estudiante.demo.032@abera.local,1,2026-06-29T12:00:00Z,Cali,Técnico,Híbrida,programa-033,"[programa-033,programa-050]",Sitio web,Interesado,asesora-demo,Media,2026-07-29T12:00:00Z,2026-08-01T20:00:00Z,2026-07-27T12:00:00Z,Prospecto educativo sintético.,EDU-LEAD-032,Formulario demo,Local,,,
edu-prospecto-033,Samuel,López,Cédula de ciudadanía,1000000033,1987-08-10,false,+57 302 620 0033,estudiante.demo.033@abera.local,1,2026-06-28T12:00:00Z,Barranquilla,Tecnólogo,Presencial,programa-034,"[programa-034,programa-051]",Feria educativa,Contactado,,Alta,2026-07-28T12:00:00Z,2026-08-01T21:00:00Z,2026-07-26T12:00:00Z,Prospecto educativo sintético.,EDU-LEAD-033,Formulario demo,Local,,,
edu-prospecto-034,Laura,Pérez,Cédula de ciudadanía,1000000034,1986-08-10,false,+57 302 620 0034,estudiante.demo.034@abera.local,1,2026-06-27T12:00:00Z,Cartagena,Pregrado,Virtual,programa-035,"[programa-035,programa-052]",Referido,Calificado,asesora-demo,Urgente,2026-07-27T12:00:00Z,2026-08-01T22:00:00Z,2026-07-25T12:00:00Z,Prospecto educativo sintético.,EDU-LEAD-034,Formulario demo,Local,,,
edu-prospecto-035,Daniel,Torres,Tarjeta de identidad,1000000035,2010-08-04,true,+57 302 620 0035,estudiante.demo.035@abera.local,1,2026-06-26T12:00:00Z,Bucaramanga,Posgrado,Híbrida,programa-036,"[programa-036,programa-053]",Redes sociales,Solicitud iniciada,asesor-demo,Baja,2026-07-26T12:00:00Z,2026-08-01T23:00:00Z,2026-07-24T12:00:00Z,Prospecto educativo sintético.,EDU-LEAD-035,Formulario demo,Local,Acudiente sintético 35,+57 303 630 0035,
edu-prospecto-036,Sofía,García,Cédula de ciudadanía,1000000036,2002-08-06,false,+57 302 620 0036,estudiante.demo.036@abera.local,1,2026-06-25T12:00:00Z,Pereira,Técnico,Presencial,programa-037,"[programa-037,programa-054]",Sitio web,Solicitud completa,asesora-demo,Media,2026-07-25T12:00:00Z,2026-08-02T00:00:00Z,2026-07-23T12:00:00Z,Prospecto educativo sintético.,EDU-LEAD-036,Formulario demo,Local,,,
edu-prospecto-037,Mateo,López,Cédula de ciudadanía,1000000037,2001-08-06,false,+57 302 620 0037,estudiante.demo.037@abera.local,1,2026-06-24T12:00:00Z,Manizales,Tecnólogo,Virtual,programa-038,"[programa-038,programa-055]",Feria educativa,Admitido,asesor-demo,Media,2026-07-24T12:00:00Z,2026-08-02T01:00:00Z,2026-07-22T12:00:00Z,Prospecto educativo sintético.,EDU-LEAD-037,Formulario demo,Local,,,
edu-prospecto-038,Valentina,Pérez,Cédula de ciudadanía,1000000038,2000-08-06,false,+57 302 620 0038,estudiante.demo.038@abera.local,1,2026-06-23T12:00:00Z,Ibagué,Pregrado,Híbrida,programa-039,"[programa-039,programa-056]",Referido,Matriculado,asesora-demo,Alta,2026-07-23T12:00:00Z,2026-08-02T02:00:00Z,2026-07-21T12:00:00Z,Prospecto educativo sintético.,EDU-LEAD-038,Formulario demo,Local,,,
edu-prospecto-039,Santiago,Torres,Cédula de ciudadanía,1000000039,1999-08-07,false,+57 302 620 0039,estudiante.demo.039@abera.local,1,2026-06-22T12:00:00Z,Villavicencio,Posgrado,Presencial,programa-040,"[programa-040,programa-057]",Redes sociales,No matriculado,asesor-demo,Urgente,2026-07-22T12:00:00Z,2026-08-02T03:00:00Z,2026-07-20T12:00:00Z,Prospecto educativo sintético.,EDU-LEAD-039,Formulario demo,Local,,,El prospecto aplazó su decisión para otro periodo.
edu-prospecto-040,Mariana,García,Tarjeta de identidad,1000000040,2010-08-04,true,+57 302 620 0040,estudiante.demo.040@abera.local,1,2026-06-21T12:00:00Z,Bogotá,Técnico,Virtual,programa-041,"[programa-041,programa-058]",Sitio web,Interesado,asesora-demo,Baja,2026-07-21T12:00:00Z,2026-08-02T04:00:00Z,2026-07-19T12:00:00Z,Prospecto educativo sintético.,EDU-LEAD-040,Formulario demo,Local,Acudiente sintético 40,+57 303 630 0040,
edu-prospecto-041,Sebastián,López,Cédula de ciudadanía,1000000041,1997-08-07,false,+57 302 620 0041,estudiante.demo.041@abera.local,1,2026-06-20T12:00:00Z,Medellín,Tecnólogo,Híbrida,programa-042,"[programa-042,programa-059]",Feria educativa,Contactado,asesor-demo,Media,2026-07-20T12:00:00Z,2026-08-02T05:00:00Z,2026-07-18T12:00:00Z,Prospecto educativo sintético.,EDU-LEAD-041,Formulario demo,Local,,,
edu-prospecto-042,Isabella,Pérez,Cédula de ciudadanía,1000000042,1996-08-07,false,+57 302 620 0042,estudiante.demo.042@abera.local,1,2026-06-19T12:00:00Z,Cali,Pregrado,Presencial,programa-043,"[programa-043,programa-060]",Referido,Calificado,asesora-demo,Media,2026-07-19T12:00:00Z,2026-08-02T06:00:00Z,2026-07-31T12:00:00Z,Prospecto educativo sintético.,EDU-LEAD-042,Formulario demo,Local,,,
edu-prospecto-043,Nicolás,Torres,Cédula de ciudadanía,1000000043,1995-08-08,false,+57 302 620 0043,estudiante.demo.043@abera.local,1,2026-06-18T12:00:00Z,Barranquilla,Posgrado,Virtual,programa-044,"[programa-044,programa-061]",Redes sociales,Solicitud iniciada,asesor-demo,Alta,2026-07-18T12:00:00Z,2026-08-02T07:00:00Z,2026-07-30T12:00:00Z,Prospecto educativo sintético.,EDU-LEAD-043,Formulario demo,Local,,,
edu-prospecto-044,Gabriela,García,Cédula de ciudadanía,1000000044,1994-08-08,false,+57 302 620 0044,estudiante.demo.044@abera.local,1,2026-06-17T12:00:00Z,Cartagena,Técnico,Híbrida,programa-045,"[programa-045,programa-062]",Sitio web,Solicitud completa,,Urgente,2026-07-17T12:00:00Z,2026-08-02T08:00:00Z,2026-07-29T12:00:00Z,Prospecto educativo sintético.,EDU-LEAD-044,Formulario demo,Local,,,
edu-prospecto-045,Samuel,López,Tarjeta de identidad,1000000045,2010-08-04,true,+57 302 620 0045,estudiante.demo.045@abera.local,1,2026-07-31T12:00:00Z,Bucaramanga,Tecnólogo,Presencial,programa-046,"[programa-046,programa-063]",Feria educativa,Admitido,asesor-demo,Baja,2026-07-16T12:00:00Z,2026-08-02T09:00:00Z,2026-07-28T12:00:00Z,Prospecto educativo sintético.,EDU-LEAD-045,Formulario demo,Local,Acudiente sintético 45,+57 303 630 0045,
edu-prospecto-046,Laura,Pérez,Cédula de ciudadanía,1000000046,1992-08-08,false,+57 302 620 0046,estudiante.demo.046@abera.local,1,2026-07-30T12:00:00Z,Pereira,Pregrado,Virtual,programa-047,"[programa-047,programa-064]",Referido,Matriculado,asesora-demo,Media,2026-07-15T12:00:00Z,2026-08-02T10:00:00Z,2026-07-27T12:00:00Z,Prospecto educativo sintético.,EDU-LEAD-046,Formulario demo,Local,,,
edu-prospecto-047,Daniel,Torres,Cédula de ciudadanía,1000000047,1991-08-09,false,+57 302 620 0047,estudiante.demo.047@abera.local,1,2026-07-29T12:00:00Z,Manizales,Posgrado,Híbrida,programa-048,"[programa-048,programa-065]",Redes sociales,No matriculado,asesor-demo,Media,2026-07-14T12:00:00Z,2026-08-02T11:00:00Z,2026-07-26T12:00:00Z,Prospecto educativo sintético.,EDU-LEAD-047,Formulario demo,Local,,,El prospecto aplazó su decisión para otro periodo.
edu-prospecto-048,Sofía,García,Cédula de ciudadanía,1000000048,1990-08-09,false,+57 302 620 0048,estudiante.demo.048@abera.local,1,2026-07-28T12:00:00Z,Ibagué,Técnico,Presencial,programa-049,"[programa-049,programa-066]",Sitio web,Interesado,asesora-demo,Alta,2026-07-13T12:00:00Z,2026-08-02T12:00:00Z,2026-07-25T12:00:00Z,Prospecto educativo sintético.,EDU-LEAD-048,Formulario demo,Local,,,
edu-prospecto-049,Mateo,López,Cédula de ciudadanía,1000000049,1989-08-09,false,+57 302 620 0049,estudiante.demo.049@abera.local,1,2026-07-27T12:00:00Z,Villavicencio,Tecnólogo,Virtual,programa-050,"[programa-050,programa-067]",Feria educativa,Contactado,asesor-demo,Urgente,2026-07-12T12:00:00Z,2026-08-02T13:00:00Z,2026-07-24T12:00:00Z,Prospecto educativo sintético.,EDU-LEAD-049,Formulario demo,Local,,,
edu-prospecto-050,Valentina,Pérez,Tarjeta de identidad,1000000050,2010-08-04,true,+57 302 620 0050,estudiante.demo.050@abera.local,1,2026-07-26T12:00:00Z,Bogotá,Pregrado,Híbrida,programa-051,"[programa-051,programa-068]",Referido,Calificado,asesora-demo,Baja,2026-07-11T12:00:00Z,2026-08-02T14:00:00Z,2026-07-23T12:00:00Z,Prospecto educativo sintético.,EDU-LEAD-050,Formulario demo,Local,Acudiente sintético 50,+57 303 630 0050,
edu-prospecto-051,Santiago,Torres,Cédula de ciudadanía,1000000051,1987-08-10,false,+57 302 620 0051,estudiante.demo.051@abera.local,1,2026-07-25T12:00:00Z,Medellín,Posgrado,Presencial,programa-052,"[programa-052,programa-069]",Redes sociales,Solicitud iniciada,asesor-demo,Media,2026-07-10T12:00:00Z,2026-08-02T15:00:00Z,2026-07-22T12:00:00Z,Prospecto educativo sintético.,EDU-LEAD-051,Formulario demo,Local,,,
edu-prospecto-052,Mariana,García,Cédula de ciudadanía,1000000052,1986-08-10,false,+57 302 620 0052,estudiante.demo.052@abera.local,1,2026-07-24T12:00:00Z,Cali,Técnico,Virtual,programa-053,"[programa-053,programa-070]",Sitio web,Solicitud completa,asesora-demo,Media,2026-07-09T12:00:00Z,2026-08-02T16:00:00Z,2026-07-21T12:00:00Z,Prospecto educativo sintético.,EDU-LEAD-052,Formulario demo,Local,,,
edu-prospecto-053,Sebastián,López,Cédula de ciudadanía,1000000053,1985-08-10,false,+57 302 620 0053,estudiante.demo.053@abera.local,1,2026-07-23T12:00:00Z,Barranquilla,Tecnólogo,Híbrida,programa-054,"[programa-054,programa-071]",Feria educativa,Admitido,asesor-demo,Alta,2026-07-08T12:00:00Z,2026-08-02T17:00:00Z,2026-07-20T12:00:00Z,Prospecto educativo sintético.,EDU-LEAD-053,Formulario demo,Local,,,
edu-prospecto-054,Isabella,Pérez,Cédula de ciudadanía,1000000054,2002-08-06,false,+57 302 620 0054,estudiante.demo.054@abera.local,1,2026-07-22T12:00:00Z,Cartagena,Pregrado,Presencial,programa-055,"[programa-055,programa-072]",Referido,Matriculado,asesora-demo,Urgente,2026-07-07T12:00:00Z,2026-08-02T18:00:00Z,2026-07-19T12:00:00Z,Prospecto educativo sintético.,EDU-LEAD-054,Formulario demo,Local,,,
edu-prospecto-055,Nicolás,Torres,Tarjeta de identidad,1000000055,2010-08-04,true,+57 302 620 0055,estudiante.demo.055@abera.local,1,2026-07-21T12:00:00Z,Bucaramanga,Posgrado,Virtual,programa-056,"[programa-056,programa-073]",Redes sociales,No matriculado,,Baja,2026-07-06T12:00:00Z,2026-08-02T19:00:00Z,2026-07-18T12:00:00Z,Prospecto educativo sintético.,EDU-LEAD-055,Formulario demo,Local,Acudiente sintético 55,+57 303 630 0055,El prospecto aplazó su decisión para otro periodo.
edu-prospecto-056,Gabriela,García,Cédula de ciudadanía,1000000056,2000-08-06,false,+57 302 620 0056,estudiante.demo.056@abera.local,1,2026-07-20T12:00:00Z,Pereira,Técnico,Híbrida,programa-057,"[programa-057,programa-074]",Sitio web,Interesado,asesora-demo,Media,2026-07-05T12:00:00Z,2026-08-02T20:00:00Z,2026-07-31T12:00:00Z,Prospecto educativo sintético.,EDU-LEAD-056,Formulario demo,Local,,,
edu-prospecto-057,Samuel,López,Cédula de ciudadanía,1000000057,1999-08-07,false,+57 302 620 0057,estudiante.demo.057@abera.local,1,2026-07-19T12:00:00Z,Manizales,Tecnólogo,Presencial,programa-058,"[programa-058,programa-075]",Feria educativa,Contactado,asesor-demo,Media,2026-07-04T12:00:00Z,2026-08-02T21:00:00Z,2026-07-30T12:00:00Z,Prospecto educativo sintético.,EDU-LEAD-057,Formulario demo,Local,,,
edu-prospecto-058,Laura,Pérez,Cédula de ciudadanía,1000000058,1998-08-07,false,+57 302 620 0058,estudiante.demo.058@abera.local,1,2026-07-18T12:00:00Z,Ibagué,Pregrado,Virtual,programa-059,"[programa-059,programa-076]",Referido,Calificado,asesora-demo,Alta,2026-07-03T12:00:00Z,2026-08-02T22:00:00Z,2026-07-29T12:00:00Z,Prospecto educativo sintético.,EDU-LEAD-058,Formulario demo,Local,,,
edu-prospecto-059,Daniel,Torres,Cédula de ciudadanía,1000000059,1997-08-07,false,+57 302 620 0059,estudiante.demo.059@abera.local,1,2026-07-17T12:00:00Z,Villavicencio,Posgrado,Híbrida,programa-060,"[programa-060,programa-077]",Redes sociales,Solicitud iniciada,asesor-demo,Urgente,2026-07-02T12:00:00Z,2026-08-02T23:00:00Z,2026-07-28T12:00:00Z,Prospecto educativo sintético.,EDU-LEAD-059,Formulario demo,Local,,,
edu-prospecto-060,Sofía,García,Tarjeta de identidad,1000000060,2010-08-04,true,+57 302 620 0060,estudiante.demo.060@abera.local,1,2026-07-16T12:00:00Z,Bogotá,Técnico,Presencial,programa-061,"[programa-061,programa-078]",Sitio web,Solicitud completa,asesora-demo,Baja,2026-07-31T12:00:00Z,2026-08-03T00:00:00Z,2026-07-27T12:00:00Z,Prospecto educativo sintético.,EDU-LEAD-060,Formulario demo,Local,Acudiente sintético 60,+57 303 630 0060,
edu-prospecto-061,Mateo,López,Cédula de ciudadanía,1000000061,1995-08-08,false,+57 302 620 0061,estudiante.demo.061@abera.local,1,2026-07-15T12:00:00Z,Medellín,Tecnólogo,Virtual,programa-062,"[programa-062,programa-079]",Feria educativa,Admitido,asesor-demo,Media,2026-07-30T12:00:00Z,2026-08-03T01:00:00Z,2026-07-26T12:00:00Z,Prospecto educativo sintético.,EDU-LEAD-061,Formulario demo,Local,,,
edu-prospecto-062,Valentina,Pérez,Cédula de ciudadanía,1000000062,1994-08-08,false,+57 302 620 0062,estudiante.demo.062@abera.local,1,2026-07-14T12:00:00Z,Cali,Pregrado,Híbrida,programa-063,"[programa-063,programa-080]",Referido,Matriculado,asesora-demo,Media,2026-07-29T12:00:00Z,2026-08-03T02:00:00Z,2026-07-25T12:00:00Z,Prospecto educativo sintético.,EDU-LEAD-062,Formulario demo,Local,,,
edu-prospecto-063,Santiago,Torres,Cédula de ciudadanía,1000000063,1993-08-08,false,+57 302 620 0063,estudiante.demo.063@abera.local,1,2026-07-13T12:00:00Z,Barranquilla,Posgrado,Presencial,programa-064,"[programa-064,programa-081]",Redes sociales,No matriculado,asesor-demo,Alta,2026-07-28T12:00:00Z,2026-08-03T03:00:00Z,2026-07-24T12:00:00Z,Prospecto educativo sintético.,EDU-LEAD-063,Formulario demo,Local,,,El prospecto aplazó su decisión para otro periodo.
edu-prospecto-064,Mariana,García,Cédula de ciudadanía,1000000064,1992-08-08,false,+57 302 620 0064,estudiante.demo.064@abera.local,1,2026-07-12T12:00:00Z,Cartagena,Técnico,Virtual,programa-065,"[programa-065,programa-082]",Sitio web,Interesado,asesora-demo,Urgente,2026-07-27T12:00:00Z,2026-08-03T04:00:00Z,2026-07-23T12:00:00Z,Prospecto educativo sintético.,EDU-LEAD-064,Formulario demo,Local,,,
edu-prospecto-065,Sebastián,López,Tarjeta de identidad,1000000065,2010-08-04,true,+57 302 620 0065,estudiante.demo.065@abera.local,1,2026-07-11T12:00:00Z,Bucaramanga,Tecnólogo,Híbrida,programa-066,"[programa-066,programa-083]",Feria educativa,Contactado,asesor-demo,Baja,2026-07-26T12:00:00Z,2026-08-03T05:00:00Z,2026-07-22T12:00:00Z,Prospecto educativo sintético.,EDU-LEAD-065,Formulario demo,Local,Acudiente sintético 65,+57 303 630 0065,
edu-prospecto-066,Isabella,Pérez,Cédula de ciudadanía,1000000066,1990-08-09,false,+57 302 620 0066,estudiante.demo.066@abera.local,1,2026-07-10T12:00:00Z,Pereira,Pregrado,Presencial,programa-067,"[programa-067,programa-084]",Referido,Calificado,,Media,2026-07-25T12:00:00Z,2026-08-03T06:00:00Z,2026-07-21T12:00:00Z,Prospecto educativo sintético.,EDU-LEAD-066,Formulario demo,Local,,,
edu-prospecto-067,Nicolás,Torres,Cédula de ciudadanía,1000000067,1989-08-09,false,+57 302 620 0067,estudiante.demo.067@abera.local,1,2026-07-09T12:00:00Z,Manizales,Posgrado,Virtual,programa-068,"[programa-068,programa-085]",Redes sociales,Solicitud iniciada,asesor-demo,Media,2026-07-24T12:00:00Z,2026-08-03T07:00:00Z,2026-07-20T12:00:00Z,Prospecto educativo sintético.,EDU-LEAD-067,Formulario demo,Local,,,
edu-prospecto-068,Gabriela,García,Cédula de ciudadanía,1000000068,1988-08-09,false,+57 302 620 0068,estudiante.demo.068@abera.local,1,2026-07-08T12:00:00Z,Ibagué,Técnico,Híbrida,programa-069,"[programa-069,programa-086]",Sitio web,Solicitud completa,asesora-demo,Alta,2026-07-23T12:00:00Z,2026-08-03T08:00:00Z,2026-07-19T12:00:00Z,Prospecto educativo sintético.,EDU-LEAD-068,Formulario demo,Local,,,
edu-prospecto-069,Samuel,López,Cédula de ciudadanía,1000000069,1987-08-10,false,+57 302 620 0069,estudiante.demo.069@abera.local,1,2026-07-07T12:00:00Z,Villavicencio,Tecnólogo,Presencial,programa-070,"[programa-070,programa-087]",Feria educativa,Admitido,asesor-demo,Urgente,2026-07-22T12:00:00Z,2026-08-03T09:00:00Z,2026-07-18T12:00:00Z,Prospecto educativo sintético.,EDU-LEAD-069,Formulario demo,Local,,,
edu-prospecto-070,Laura,Pérez,Tarjeta de identidad,1000000070,2010-08-04,true,+57 302 620 0070,estudiante.demo.070@abera.local,1,2026-07-06T12:00:00Z,Bogotá,Pregrado,Virtual,programa-071,"[programa-071,programa-088]",Referido,Matriculado,asesora-demo,Baja,2026-07-21T12:00:00Z,2026-08-03T10:00:00Z,2026-07-31T12:00:00Z,Prospecto educativo sintético.,EDU-LEAD-070,Formulario demo,Local,Acudiente sintético 70,+57 303 630 0070,
edu-prospecto-071,Daniel,Torres,Cédula de ciudadanía,1000000071,1985-08-10,false,+57 302 620 0071,estudiante.demo.071@abera.local,1,2026-07-05T12:00:00Z,Medellín,Posgrado,Híbrida,programa-072,"[programa-072,programa-089]",Redes sociales,No matriculado,asesor-demo,Media,2026-07-20T12:00:00Z,2026-08-03T11:00:00Z,2026-07-30T12:00:00Z,Prospecto educativo sintético.,EDU-LEAD-071,Formulario demo,Local,,,El prospecto aplazó su decisión para otro periodo.
edu-prospecto-072,Sofía,García,Cédula de ciudadanía,1000000072,2002-08-06,false,+57 302 620 0072,estudiante.demo.072@abera.local,1,2026-07-04T12:00:00Z,Cali,Técnico,Presencial,programa-073,"[programa-073,programa-090]",Sitio web,Interesado,asesora-demo,Media,2026-07-19T12:00:00Z,2026-08-03T12:00:00Z,2026-07-29T12:00:00Z,Prospecto educativo sintético.,EDU-LEAD-072,Formulario demo,Local,,,
edu-prospecto-073,Mateo,López,Cédula de ciudadanía,1000000073,2001-08-06,false,+57 302 620 0073,estudiante.demo.073@abera.local,1,2026-07-03T12:00:00Z,Barranquilla,Tecnólogo,Virtual,programa-074,"[programa-074,programa-091]",Feria educativa,Contactado,asesor-demo,Alta,2026-07-18T12:00:00Z,2026-08-03T13:00:00Z,2026-07-28T12:00:00Z,Prospecto educativo sintético.,EDU-LEAD-073,Formulario demo,Local,,,
edu-prospecto-074,Valentina,Pérez,Cédula de ciudadanía,1000000074,2000-08-06,false,+57 302 620 0074,estudiante.demo.074@abera.local,1,2026-07-02T12:00:00Z,Cartagena,Pregrado,Híbrida,programa-075,"[programa-075,programa-092]",Referido,Calificado,asesora-demo,Urgente,2026-07-17T12:00:00Z,2026-08-03T14:00:00Z,2026-07-27T12:00:00Z,Prospecto educativo sintético.,EDU-LEAD-074,Formulario demo,Local,,,
edu-prospecto-075,Santiago,Torres,Tarjeta de identidad,1000000075,2010-08-04,true,+57 302 620 0075,estudiante.demo.075@abera.local,1,2026-07-01T12:00:00Z,Bucaramanga,Posgrado,Presencial,programa-076,"[programa-076,programa-093]",Redes sociales,Solicitud iniciada,asesor-demo,Baja,2026-07-16T12:00:00Z,2026-08-03T15:00:00Z,2026-07-26T12:00:00Z,Prospecto educativo sintético.,EDU-LEAD-075,Formulario demo,Local,Acudiente sintético 75,+57 303 630 0075,
edu-prospecto-076,Mariana,García,Cédula de ciudadanía,1000000076,1998-08-07,false,+57 302 620 0076,estudiante.demo.076@abera.local,1,2026-06-30T12:00:00Z,Pereira,Técnico,Virtual,programa-077,"[programa-077,programa-094]",Sitio web,Solicitud completa,asesora-demo,Media,2026-07-15T12:00:00Z,2026-08-03T16:00:00Z,2026-07-25T12:00:00Z,Prospecto educativo sintético.,EDU-LEAD-076,Formulario demo,Local,,,
edu-prospecto-077,Sebastián,López,Cédula de ciudadanía,1000000077,1997-08-07,false,+57 302 620 0077,estudiante.demo.077@abera.local,1,2026-06-29T12:00:00Z,Manizales,Tecnólogo,Híbrida,programa-078,"[programa-078,programa-095]",Feria educativa,Admitido,,Media,2026-07-14T12:00:00Z,2026-08-03T17:00:00Z,2026-07-24T12:00:00Z,Prospecto educativo sintético.,EDU-LEAD-077,Formulario demo,Local,,,
edu-prospecto-078,Isabella,Pérez,Cédula de ciudadanía,1000000078,1996-08-07,false,+57 302 620 0078,estudiante.demo.078@abera.local,1,2026-06-28T12:00:00Z,Ibagué,Pregrado,Presencial,programa-079,"[programa-079,programa-096]",Referido,Matriculado,asesora-demo,Alta,2026-07-13T12:00:00Z,2026-08-03T18:00:00Z,2026-07-23T12:00:00Z,Prospecto educativo sintético.,EDU-LEAD-078,Formulario demo,Local,,,
edu-prospecto-079,Nicolás,Torres,Cédula de ciudadanía,1000000079,1995-08-08,false,+57 302 620 0079,estudiante.demo.079@abera.local,1,2026-06-27T12:00:00Z,Villavicencio,Posgrado,Virtual,programa-080,"[programa-080,programa-097]",Redes sociales,No matriculado,asesor-demo,Urgente,2026-07-12T12:00:00Z,2026-08-03T19:00:00Z,2026-07-22T12:00:00Z,Prospecto educativo sintético.,EDU-LEAD-079,Formulario demo,Local,,,El prospecto aplazó su decisión para otro periodo.
edu-prospecto-080,Gabriela,García,Tarjeta de identidad,1000000080,2010-08-04,true,+57 302 620 0080,estudiante.demo.080@abera.local,1,2026-06-26T12:00:00Z,Bogotá,Técnico,Híbrida,programa-081,"[programa-081,programa-098]",Sitio web,Interesado,asesora-demo,Baja,2026-07-11T12:00:00Z,2026-08-03T20:00:00Z,2026-07-21T12:00:00Z,Prospecto educativo sintético.,EDU-LEAD-080,Formulario demo,Local,Acudiente sintético 80,+57 303 630 0080,
edu-prospecto-081,Samuel,López,Cédula de ciudadanía,1000000081,1993-08-08,false,+57 302 620 0081,estudiante.demo.081@abera.local,1,2026-06-25T12:00:00Z,Medellín,Tecnólogo,Presencial,programa-082,"[programa-082,programa-099]",Feria educativa,Contactado,asesor-demo,Media,2026-07-10T12:00:00Z,2026-08-03T21:00:00Z,2026-07-20T12:00:00Z,Prospecto educativo sintético.,EDU-LEAD-081,Formulario demo,Local,,,
edu-prospecto-082,Laura,Pérez,Cédula de ciudadanía,1000000082,1992-08-08,false,+57 302 620 0082,estudiante.demo.082@abera.local,1,2026-06-24T12:00:00Z,Cali,Pregrado,Virtual,programa-083,"[programa-083,programa-100]",Referido,Calificado,asesora-demo,Media,2026-07-09T12:00:00Z,2026-08-03T22:00:00Z,2026-07-19T12:00:00Z,Prospecto educativo sintético.,EDU-LEAD-082,Formulario demo,Local,,,
edu-prospecto-083,Daniel,Torres,Cédula de ciudadanía,1000000083,1991-08-09,false,+57 302 620 0083,estudiante.demo.083@abera.local,1,2026-06-23T12:00:00Z,Barranquilla,Posgrado,Híbrida,programa-084,"[programa-084,programa-001]",Redes sociales,Solicitud iniciada,asesor-demo,Alta,2026-07-08T12:00:00Z,2026-08-03T23:00:00Z,2026-07-18T12:00:00Z,Prospecto educativo sintético.,EDU-LEAD-083,Formulario demo,Local,,,
edu-prospecto-084,Sofía,García,Cédula de ciudadanía,1000000084,1990-08-09,false,+57 302 620 0084,estudiante.demo.084@abera.local,1,2026-06-22T12:00:00Z,Cartagena,Técnico,Presencial,programa-085,"[programa-085,programa-002]",Sitio web,Solicitud completa,asesora-demo,Urgente,2026-07-07T12:00:00Z,2026-08-04T00:00:00Z,2026-07-31T12:00:00Z,Prospecto educativo sintético.,EDU-LEAD-084,Formulario demo,Local,,,
edu-prospecto-085,Mateo,López,Tarjeta de identidad,1000000085,2010-08-04,true,+57 302 620 0085,estudiante.demo.085@abera.local,1,2026-06-21T12:00:00Z,Bucaramanga,Tecnólogo,Virtual,programa-086,"[programa-086,programa-003]",Feria educativa,Admitido,asesor-demo,Baja,2026-07-06T12:00:00Z,2026-08-04T01:00:00Z,2026-07-30T12:00:00Z,Prospecto educativo sintético.,EDU-LEAD-085,Formulario demo,Local,Acudiente sintético 85,+57 303 630 0085,
edu-prospecto-086,Valentina,Pérez,Cédula de ciudadanía,1000000086,1988-08-09,false,+57 302 620 0086,estudiante.demo.086@abera.local,1,2026-06-20T12:00:00Z,Pereira,Pregrado,Híbrida,programa-087,"[programa-087,programa-004]",Referido,Matriculado,asesora-demo,Media,2026-07-05T12:00:00Z,2026-08-04T02:00:00Z,2026-07-29T12:00:00Z,Prospecto educativo sintético.,EDU-LEAD-086,Formulario demo,Local,,,
edu-prospecto-087,Santiago,Torres,Cédula de ciudadanía,1000000087,1987-08-10,false,+57 302 620 0087,estudiante.demo.087@abera.local,1,2026-06-19T12:00:00Z,Manizales,Posgrado,Presencial,programa-088,"[programa-088,programa-005]",Redes sociales,No matriculado,asesor-demo,Media,2026-07-04T12:00:00Z,2026-08-04T03:00:00Z,2026-07-28T12:00:00Z,Prospecto educativo sintético.,EDU-LEAD-087,Formulario demo,Local,,,El prospecto aplazó su decisión para otro periodo.
edu-prospecto-088,Mariana,García,Cédula de ciudadanía,1000000088,1986-08-10,false,+57 302 620 0088,estudiante.demo.088@abera.local,1,2026-06-18T12:00:00Z,Ibagué,Técnico,Virtual,programa-089,"[programa-089,programa-006]",Sitio web,Interesado,,Alta,2026-07-03T12:00:00Z,2026-08-04T04:00:00Z,2026-07-27T12:00:00Z,Prospecto educativo sintético.,EDU-LEAD-088,Formulario demo,Local,,,
edu-prospecto-089,Sebastián,López,Cédula de ciudadanía,1000000089,1985-08-10,false,+57 302 620 0089,estudiante.demo.089@abera.local,1,2026-06-17T12:00:00Z,Villavicencio,Tecnólogo,Híbrida,programa-090,"[programa-090,programa-007]",Feria educativa,Contactado,asesor-demo,Urgente,2026-07-02T12:00:00Z,2026-08-04T05:00:00Z,2026-07-26T12:00:00Z,Prospecto educativo sintético.,EDU-LEAD-089,Formulario demo,Local,,,
edu-prospecto-090,Isabella,Pérez,Tarjeta de identidad,1000000090,2010-08-04,true,+57 302 620 0090,estudiante.demo.090@abera.local,1,2026-07-31T12:00:00Z,Bogotá,Pregrado,Presencial,programa-091,"[programa-091,programa-008]",Referido,Calificado,asesora-demo,Baja,2026-07-31T12:00:00Z,2026-08-04T06:00:00Z,2026-07-25T12:00:00Z,Prospecto educativo sintético.,EDU-LEAD-090,Formulario demo,Local,Acudiente sintético 90,+57 303 630 0090,
edu-prospecto-091,Nicolás,Torres,Cédula de ciudadanía,1000000091,2001-08-06,false,+57 302 620 0091,estudiante.demo.091@abera.local,1,2026-07-30T12:00:00Z,Medellín,Posgrado,Virtual,programa-092,"[programa-092,programa-009]",Redes sociales,Solicitud iniciada,asesor-demo,Media,2026-07-30T12:00:00Z,2026-08-04T07:00:00Z,2026-07-24T12:00:00Z,Prospecto educativo sintético.,EDU-LEAD-091,Formulario demo,Local,,,
edu-prospecto-092,Gabriela,García,Cédula de ciudadanía,1000000092,2000-08-06,false,+57 302 620 0092,estudiante.demo.092@abera.local,1,2026-07-29T12:00:00Z,Cali,Técnico,Híbrida,programa-093,"[programa-093,programa-010]",Sitio web,Solicitud completa,asesora-demo,Media,2026-07-29T12:00:00Z,2026-08-04T08:00:00Z,2026-07-23T12:00:00Z,Prospecto educativo sintético.,EDU-LEAD-092,Formulario demo,Local,,,
edu-prospecto-093,Samuel,López,Cédula de ciudadanía,1000000093,1999-08-07,false,+57 302 620 0093,estudiante.demo.093@abera.local,1,2026-07-28T12:00:00Z,Barranquilla,Tecnólogo,Presencial,programa-094,"[programa-094,programa-011]",Feria educativa,Admitido,asesor-demo,Alta,2026-07-28T12:00:00Z,2026-08-04T09:00:00Z,2026-07-22T12:00:00Z,Prospecto educativo sintético.,EDU-LEAD-093,Formulario demo,Local,,,
edu-prospecto-094,Laura,Pérez,Cédula de ciudadanía,1000000094,1998-08-07,false,+57 302 620 0094,estudiante.demo.094@abera.local,1,2026-07-27T12:00:00Z,Cartagena,Pregrado,Virtual,programa-095,"[programa-095,programa-012]",Referido,Matriculado,asesora-demo,Urgente,2026-07-27T12:00:00Z,2026-08-04T10:00:00Z,2026-07-21T12:00:00Z,Prospecto educativo sintético.,EDU-LEAD-094,Formulario demo,Local,,,
edu-prospecto-095,Daniel,Torres,Tarjeta de identidad,1000000095,2010-08-04,true,+57 302 620 0095,estudiante.demo.095@abera.local,1,2026-07-26T12:00:00Z,Bucaramanga,Posgrado,Híbrida,programa-096,"[programa-096,programa-013]",Redes sociales,No matriculado,asesor-demo,Baja,2026-07-26T12:00:00Z,2026-08-04T11:00:00Z,2026-07-20T12:00:00Z,Prospecto educativo sintético.,EDU-LEAD-095,Formulario demo,Local,Acudiente sintético 95,+57 303 630 0095,El prospecto aplazó su decisión para otro periodo.
edu-prospecto-096,Sofía,García,Cédula de ciudadanía,1000000096,1996-08-07,false,+57 302 620 0096,estudiante.demo.096@abera.local,1,2026-07-25T12:00:00Z,Pereira,Técnico,Presencial,programa-097,"[programa-097,programa-014]",Sitio web,Interesado,asesora-demo,Media,2026-07-25T12:00:00Z,2026-08-04T12:00:00Z,2026-07-19T12:00:00Z,Prospecto educativo sintético.,EDU-LEAD-096,Formulario demo,Local,,,
edu-prospecto-097,Mateo,López,Cédula de ciudadanía,1000000097,1995-08-08,false,+57 302 620 0097,estudiante.demo.097@abera.local,1,2026-07-24T12:00:00Z,Manizales,Tecnólogo,Virtual,programa-098,"[programa-098,programa-015]",Feria educativa,Contactado,asesor-demo,Media,2026-07-24T12:00:00Z,2026-08-04T13:00:00Z,2026-07-18T12:00:00Z,Prospecto educativo sintético.,EDU-LEAD-097,Formulario demo,Local,,,
edu-prospecto-098,Valentina,Pérez,Cédula de ciudadanía,1000000098,1994-08-08,false,+57 302 620 0098,estudiante.demo.098@abera.local,1,2026-07-23T12:00:00Z,Ibagué,Pregrado,Híbrida,programa-099,"[programa-099,programa-016]",Referido,Calificado,asesora-demo,Alta,2026-07-23T12:00:00Z,2026-08-04T14:00:00Z,2026-07-31T12:00:00Z,Prospecto educativo sintético.,EDU-LEAD-098,Formulario demo,Local,,,
edu-prospecto-099,Santiago,Torres,Cédula de ciudadanía,1000000099,1993-08-08,false,+57 302 620 0099,estudiante.demo.099@abera.local,1,2026-07-22T12:00:00Z,Villavicencio,Posgrado,Presencial,programa-100,"[programa-100,programa-017]",Redes sociales,Solicitud iniciada,,Urgente,2026-07-22T12:00:00Z,2026-08-04T15:00:00Z,2026-07-30T12:00:00Z,Prospecto educativo sintético.,EDU-LEAD-099,Formulario demo,Local,,,
edu-prospecto-100,Mariana,García,Tarjeta de identidad,1000000100,2010-08-04,true,+57 302 620 0100,estudiante.demo.100@abera.local,1,2026-07-21T12:00:00Z,Bogotá,Técnico,Virtual,programa-001,"[programa-001,programa-018]",Sitio web,Solicitud completa,asesora-demo,Baja,2026-07-21T12:00:00Z,2026-08-04T16:00:00Z,2026-07-29T12:00:00Z,Prospecto educativo sintético.,EDU-LEAD-100,Formulario demo,Local,Acudiente sintético 100,+57 303 630 0100,
